computer_name	subject_group	subject_number	subject_sex	subject_age	asrt_type	PCode	session	epoch	block	trial	frame_rate	frame_time	frame_sd	stimulus_color	trial_type_pr	triplet_type_hl	RT	error	stimulus	response	repetition	trill	high_low_learning
Laposka		73	female	20	implicit	1234	1	1	1	1	59,996676181530106	16,676273949599842	0,05679812183329974	Gold	random	none	0,5352091000095243	0	3	3	none	none	none
Laposka		73	female	20	implicit	1234	1	1	1	2	59,996676181530106	16,676273949599842	0,05679812183329974	Gold	random	none	0,37744219999876805	0	3	3	none	none	none
Laposka		73	female	20	implicit	1234	1	1	1	3	59,996676181530106	16,676273949599842	0,05679812183329974	Gold	random	low	0,5262326999945799	0	2	2	False	False	low
Laposka		73	female	20	implicit	1234	1	1	1	4	59,996676181530106	16,676273949599842	0,05679812183329974	Gold	random	low	0,49503180000465363	0	3	3	False	True	low
Laposka		73	female	20	implicit	1234	1	1	1	5	59,996676181530106	16,676273949599842	0,05679812183329974	Gold	random	low	0,47157929999229964	0	2	2	False	True	low
Laposka		73	female	20	implicit	1234	1	1	1	6	59,996676181530106	16,676273949599842	0,05679812183329974	Gold	pattern	high	0,6190343999915058	0	4	4	False	False	high
Laposka		73	female	20	implicit	1234	1	1	1	7	59,996676181530106	16,676273949599842	0,05679812183329974	Gold	random	low	1,1367635000060545	0	1	1	False	False	low
Laposka		73	female	20	implicit	1234	1	1	1	8	59,996676181530106	16,676273949599842	0,05679812183329974	Gold	pattern	high	0,5355679000058444	0	1	1	False	False	high
Laposka		73	female	20	implicit	1234	1	1	1	9	59,996676181530106	16,676273949599842	0,05679812183329974	Gold	random	low	0,7439392999949632	0	3	3	False	False	low
Laposka		73	female	20	implicit	1234	1	1	1	10	59,996676181530106	16,676273949599842	0,05679812183329974	Gold	pattern	high	0,6074882999964757	0	2	2	False	False	high
Laposka		73	female	20	implicit	1234	1	1	1	11	59,996676181530106	16,676273949599842	0,05679812183329974	Gold	random	low	0,559762499993667	0	1	1	False	False	low
Laposka		73	female	20	implicit	1234	1	1	1	12	59,996676181530106	16,676273949599842	0,05679812183329974	Gold	pattern	high	0,5112517999950796	0	3	3	False	False	high
Laposka		73	female	20	implicit	1234	1	1	1	13	59,996676181530106	16,676273949599842	0,05679812183329974	Gold	random	high	0,5356693000067025	0	2	2	False	False	high
Laposka		73	female	20	implicit	1234	1	1	1	14	59,996676181530106	16,676273949599842	0,05679812183329974	Gold	pattern	high	0,5194303000025684	0	4	4	False	False	high
Laposka		73	female	20	implicit	1234	1	1	1	15	59,996676181530106	16,676273949599842	0,05679812183329974	Gold	random	low	0,4798655000049621	0	4	4	False	False	low
Laposka		73	female	20	implicit	1234	1	1	1	16	59,996676181530106	16,676273949599842	0,05679812183329974	Gold	pattern	high	0,5674653999885777	0	1	1	False	False	high
Laposka		73	female	20	implicit	1234	1	1	1	17	59,996676181530106	16,676273949599842	0,05679812183329974	Gold	random	low	0,5114340000000084	0	4	4	False	True	low
Laposka		73	female	20	implicit	1234	1	1	1	18	59,996676181530106	16,676273949599842	0,05679812183329974	Gold	pattern	high	0,5511937999981456	0	2	2	False	False	high
Laposka		73	female	20	implicit	1234	1	1	1	19	59,996676181530106	16,676273949599842	0,05679812183329974	Gold	random	high	0,5594398999965051	0	1	1	False	False	high
Laposka		73	female	20	implicit	1234	1	1	1	20	59,996676181530106	16,676273949599842	0,05679812183329974	Gold	pattern	high	0,5517806999996537	0	3	3	False	False	high
Laposka		73	female	20	implicit	1234	1	1	1	21	59,996676181530106	16,676273949599842	0,05679812183329974	Gold	random	low	1,0953144000086468	0	1	1	False	True	low
Laposka		73	female	20	implicit	1234	1	1	1	22	59,996676181530106	16,676273949599842	0,05679812183329974	Gold	pattern	high	0,8315558999893256	0	4	4	False	False	high
Laposka		73	female	20	implicit	1234	1	1	1	23	59,996676181530106	16,676273949599842	0,05679812183329974	Gold	random	low	0,49566760000016075	0	4	4	False	False	low
Laposka		73	female	20	implicit	1234	1	1	1	24	59,996676181530106	16,676273949599842	0,05679812183329974	Gold	pattern	high	0,559643500004313	0	1	1	False	False	high
Laposka		73	female	20	implicit	1234	1	1	1	25	59,996676181530106	16,676273949599842	0,05679812183329974	Gold	random	high	0,4869421000039438	0	1	1	False	False	high
Laposka		73	female	20	implicit	1234	1	1	1	26	59,996676181530106	16,676273949599842	0,05679812183329974	Gold	pattern	high	0,535478099991451	0	2	2	False	False	high
Laposka		73	female	20	implicit	1234	1	1	1	27	59,996676181530106	16,676273949599842	0,05679812183329974	Gold	random	low	0,5914119999943068	0	1	1	False	True	low
Laposka		73	female	20	implicit	1234	1	1	1	28	59,996676181530106	16,676273949599842	0,05679812183329974	Gold	pattern	high	1,2555565999937244	0	3	3	False	False	high
Laposka		73	female	20	implicit	1234	1	1	1	29	59,996676181530106	16,676273949599842	0,05679812183329974	Gold	random	high	0,5911727000056999	0	2	2	False	False	high
Laposka		73	female	20	implicit	1234	1	1	1	30	59,996676181530106	16,676273949599842	0,05679812183329974	Gold	pattern	high	0,5277406000095652	0	4	4	False	False	high
Laposka		73	female	20	implicit	1234	1	1	1	31	59,996676181530106	16,676273949599842	0,05679812183329974	Gold	random	low	0,38364610000280663	0	4	4	False	False	low
Laposka		73	female	20	implicit	1234	1	1	1	32	59,996676181530106	16,676273949599842	0,05679812183329974	Gold	pattern	high	0,6160443000117084	0	1	1	False	False	high
Laposka		73	female	20	implicit	1234	1	1	1	33	59,996676181530106	16,676273949599842	0,05679812183329974	Gold	random	low	0,6475683000026038	0	3	3	False	False	low
Laposka		73	female	20	implicit	1234	1	1	1	34	59,996676181530106	16,676273949599842	0,05679812183329974	Gold	pattern	high	0,5193262999964645	0	2	2	False	False	high
Laposka		73	female	20	implicit	1234	1	1	1	35	59,996676181530106	16,676273949599842	0,05679812183329974	Gold	random	high	0,5279421000013826	0	4	4	False	False	high
Laposka		73	female	20	implicit	1234	1	1	1	36	59,996676181530106	16,676273949599842	0,05679812183329974	Gold	pattern	high	0,5755977000080748	0	3	3	False	False	high
Laposka		73	female	20	implicit	1234	1	1	1	37	59,996676181530106	16,676273949599842	0,05679812183329974	Gold	random	high	0,5838132000062615	0	1	1	False	False	high
Laposka		73	female	20	implicit	1234	1	1	1	38	59,996676181530106	16,676273949599842	0,05679812183329974	Gold	pattern	high	0,7834297999943374	0	4	4	False	False	high
Laposka		73	female	20	implicit	1234	1	1	1	39	59,996676181530106	16,676273949599842	0,05679812183329974	Gold	random	low	0,7274835999996867	0	3	3	False	False	low
Laposka		73	female	20	implicit	1234	1	1	1	40	59,996676181530106	16,676273949599842	0,05679812183329974	Gold	pattern	high	0,9036663000006229	0	1	1	False	False	high
Laposka		73	female	20	implicit	1234	1	1	1	41	59,996676181530106	16,676273949599842	0,05679812183329974	Gold	random	low	0,7195253999962006	0	3	3	False	True	low
Laposka		73	female	20	implicit	1234	1	1	1	42	59,996676181530106	16,676273949599842	0,05679812183329974	Gold	pattern	high	0,5195128000050317	0	2	2	False	False	high
Laposka		73	female	20	implicit	1234	1	1	1	43	59,996676181530106	16,676273949599842	0,05679812183329974	Gold	random	high	0,4559124000079464	0	4	4	False	False	high
Laposka		73	female	20	implicit	1234	1	1	1	44	59,996676181530106	16,676273949599842	0,05679812183329974	Gold	pattern	high	0,9992778000014368	0	3	3	False	False	high
Laposka		73	female	20	implicit	1234	1	1	1	45	59,996676181530106	16,676273949599842	0,05679812183329974	Gold	random	low	0,9675221999932546	0	4	4	False	True	low
Laposka		73	female	20	implicit	1234	1	1	1	46	59,996676181530106	16,676273949599842	0,05679812183329974	Gold	pattern	high	0,5677587000100175	0	4	4	False	False	high
Laposka		73	female	20	implicit	1234	1	1	1	47	59,996676181530106	16,676273949599842	0,05679812183329974	Gold	random	low	0,5037218000070425	0	2	2	False	False	low
Laposka		73	female	20	implicit	1234	1	1	1	48	59,996676181530106	16,676273949599842	0,05679812183329974	Gold	pattern	high	0,6478746000066167	0	1	1	False	False	high
Laposka		73	female	20	implicit	1234	1	1	1	49	59,996676181530106	16,676273949599842	0,05679812183329974	Gold	random	low	0,839446100013447	0	2	2	False	True	low
Laposka		73	female	20	implicit	1234	1	1	1	50	59,996676181530106	16,676273949599842	0,05679812183329974	Gold	pattern	high	0,4875538000051165	0	2	2	False	False	high
Laposka		73	female	20	implicit	1234	1	1	1	51	59,996676181530106	16,676273949599842	0,05679812183329974	Gold	random	low	0,5352360999968369	0	4	4	False	False	low
Laposka		73	female	20	implicit	1234	1	1	1	52	59,996676181530106	16,676273949599842	0,05679812183329974	Gold	pattern	high	0,6395840999903157	0	3	3	False	False	high
Laposka		73	female	20	implicit	1234	1	1	1	53	59,996676181530106	16,676273949599842	0,05679812183329974	Gold	random	low	0,5193823999870801	0	3	3	False	False	low
Laposka		73	female	20	implicit	1234	1	1	1	54	59,996676181530106	16,676273949599842	0,05679812183329974	Gold	pattern	high	0,7517795000021579	0	4	4	False	False	high
Laposka		73	female	20	implicit	1234	1	1	1	55	59,996676181530106	16,676273949599842	0,05679812183329974	Gold	random	low	0,5753574999980628	0	2	2	False	False	low
Laposka		73	female	20	implicit	1234	1	1	1	56	59,996676181530106	16,676273949599842	0,05679812183329974	Gold	pattern	high	0,4719043000077363	0	1	1	False	False	high
Laposka		73	female	20	implicit	1234	1	1	1	57	59,996676181530106	16,676273949599842	0,05679812183329974	Gold	random	high	0,743539500006591	0	3	3	False	False	high
Laposka		73	female	20	implicit	1234	1	1	1	58	59,996676181530106	16,676273949599842	0,05679812183329974	Gold	pattern	high	0,6399511999916285	0	2	2	False	False	high
Laposka		73	female	20	implicit	1234	1	1	1	59	59,996676181530106	16,676273949599842	0,05679812183329974	Gold	random	high	0,5597301000088919	0	4	4	False	False	high
Laposka		73	female	20	implicit	1234	1	1	1	60	59,996676181530106	16,676273949599842	0,05679812183329974	Gold	pattern	high	0,49561509999330156	0	3	3	False	False	high
Laposka		73	female	20	implicit	1234	1	1	1	61	59,996676181530106	16,676273949599842	0,05679812183329974	Gold	random	low	0,4635347999865189	0	2	2	False	False	low
Laposka		73	female	20	implicit	1234	1	1	1	62	59,996676181530106	16,676273949599842	0,05679812183329974	Gold	pattern	high	0,4633775999973295	0	4	4	False	False	high
Laposka		73	female	20	implicit	1234	1	1	1	63	59,996676181530106	16,676273949599842	0,05679812183329974	Gold	random	low	0,503755400000955	0	1	1	False	False	low
Laposka		73	female	20	implicit	1234	1	1	1	64	59,996676181530106	16,676273949599842	0,05679812183329974	Gold	pattern	high	0,6475834000011673	0	1	1	False	False	high
Laposka		73	female	20	implicit	1234	1	1	1	65	59,996676181530106	16,676273949599842	0,05679812183329974	Gold	random	low	0,4877093000104651	0	1	1	True	False	low
Laposka		73	female	20	implicit	1234	1	1	1	66	59,996676181530106	16,676273949599842	0,05679812183329974	Gold	pattern	high	0,5113597000017762	0	2	2	False	False	high
Laposka		73	female	20	implicit	1234	1	1	1	67	59,996676181530106	16,676273949599842	0,05679812183329974	Gold	random	high	0,4634270000096876	0	2	2	False	False	high
Laposka		73	female	20	implicit	1234	1	1	1	68	59,996676181530106	16,676273949599842	0,05679812183329974	Gold	pattern	high	0,6072090999950888	0	3	3	False	False	high
Laposka		73	female	20	implicit	1234	1	1	1	69	59,996676181530106	16,676273949599842	0,05679812183329974	Gold	random	low	0,6074614999961341	0	2	2	False	True	low
Laposka		73	female	20	implicit	1234	1	1	1	70	59,996676181530106	16,676273949599842	0,05679812183329974	Gold	pattern	high	0,6160419999941951	0	4	4	False	False	high
Laposka		73	female	20	implicit	1234	1	1	1	71	59,996676181530106	16,676273949599842	0,05679812183329974	Gold	random	high	0,5835128000035184	0	3	3	False	False	high
Laposka		73	female	20	implicit	1234	1	1	1	72	59,996676181530106	16,676273949599842	0,05679812183329974	Gold	pattern	high	0,6717607000027783	0	1	1	False	False	high
Laposka		73	female	20	implicit	1234	1	1	1	73	59,996676181530106	16,676273949599842	0,05679812183329974	Gold	random	low	0,727653800000553	0	2	2	False	False	low
Laposka		73	female	20	implicit	1234	1	1	1	74	59,996676181530106	16,676273949599842	0,05679812183329974	Gold	pattern	high	0,46350270000402816	0	2	2	False	False	high
Laposka		73	female	20	implicit	1234	1	1	1	75	59,996676181530106	16,676273949599842	0,05679812183329974	Gold	random	low	0,4955543999967631	0	4	4	False	False	low
Laposka		73	female	20	implicit	1234	1	1	1	76	59,996676181530106	16,676273949599842	0,05679812183329974	Gold	pattern	high	0,5276193999889074	0	3	3	False	False	high
Laposka		73	female	20	implicit	1234	1	1	1	77	59,996676181530106	16,676273949599842	0,05679812183329974	Gold	random	low	0,5274811999988742	0	2	2	False	False	low
Laposka		73	female	20	implicit	1234	1	1	1	78	59,996676181530106	16,676273949599842	0,05679812183329974	Gold	pattern	high	0,4399489000061294	0	4	4	False	False	high
Laposka		73	female	20	implicit	1234	1	1	1	79	59,996676181530106	16,676273949599842	0,05679812183329974	Gold	random	low	0,46297629999753553	0	4	4	False	False	low
Laposka		73	female	20	implicit	1234	1	1	1	80	59,996676181530106	16,676273949599842	0,05679812183329974	Gold	pattern	high	0,47951359998842236	0	1	1	False	False	high
Laposka		73	female	20	implicit	1234	1	1	1	81	59,996676181530106	16,676273949599842	0,05679812183329974	Gold	random	low	0,5921128000045428	0	4	4	False	True	low
Laposka		73	female	20	implicit	1234	1	1	1	82	59,996676181530106	16,676273949599842	0,05679812183329974	Gold	pattern	high	0,5834751000074903	0	2	2	False	False	high
Laposka		73	female	20	implicit	1234	1	1	1	83	59,996676181530106	16,676273949599842	0,05679812183329974	Gold	random	high	0,4718890000076499	0	1	1	False	False	high
Laposka		73	female	20	implicit	1234	1	1	1	84	59,996676181530106	16,676273949599842	0,05679812183329974	Gold	pattern	high	0,5913561999914236	0	3	3	False	False	high
Laposka		73	female	20	implicit	1234	1	1	1	85	59,996676181530106	16,676273949599842	0,05679812183329974	Gold	random	low	0,4789221999963047	0	3	3	False	False	low
Laposka		73	female	20	implicit	1234	1	1	2	1	59,996676181530106	16,676273949599842	0,05679812183329974	Gold	random	none	0,6304598999995505	0	3	3	none	none	none
Laposka		73	female	20	implicit	1234	1	1	2	2	59,996676181530106	16,676273949599842	0,05679812183329974	Gold	random	none	0,47818310000002384	0	4	4	none	none	none
Laposka		73	female	20	implicit	1234	1	1	2	3	59,996676181530106	16,676273949599842	0,05679812183329974	Gold	random	low	0,6040831999998773	0	1	1	False	False	low
Laposka		73	female	20	implicit	1234	1	1	2	4	59,996676181530106	16,676273949599842	0,05679812183329974	Gold	random	low	0,5194161999970675	0	3	3	False	False	low
Laposka		73	female	20	implicit	1234	1	1	2	5	59,996676181530106	16,676273949599842	0,05679812183329974	Gold	random	low	0,439836200006539	0	3	3	False	False	low
Laposka		73	female	20	implicit	1234	1	1	2	6	59,996676181530106	16,676273949599842	0,05679812183329974	Gold	pattern	high	0,4713202999992063	0	4	4	False	False	high
Laposka		73	female	20	implicit	1234	1	1	2	7	59,996676181530106	16,676273949599842	0,05679812183329974	Gold	random	low	0,49542059999657795	0	3	3	False	True	low
Laposka		73	female	20	implicit	1234	1	1	2	8	59,996676181530106	16,676273949599842	0,05679812183329974	Gold	pattern	high	0,5992316999909235	0	1	1	False	False	high
Laposka		73	female	20	implicit	1234	1	1	2	9	59,996676181530106	16,676273949599842	0,05679812183329974	Gold	random	low	0,4875746000034269	0	2	2	False	False	low
Laposka		73	female	20	implicit	1234	1	1	2	10	59,996676181530106	16,676273949599842	0,05679812183329974	Gold	pattern	high	0,5035610000049928	0	2	2	False	False	high
Laposka		73	female	20	implicit	1234	1	1	2	11	59,996676181530106	16,676273949599842	0,05679812183329974	Gold	random	low	0,41596330000902526	0	2	2	True	False	low
Laposka		73	female	20	implicit	1234	1	1	2	12	59,996676181530106	16,676273949599842	0,05679812183329974	Gold	pattern	high	0,5753735000034794	0	3	3	False	False	high
Laposka		73	female	20	implicit	1234	1	1	2	13	59,996676181530106	16,676273949599842	0,05679812183329974	Gold	random	low	0,5199126999941655	0	4	4	False	False	low
Laposka		73	female	20	implicit	1234	1	1	2	14	59,996676181530106	16,676273949599842	0,05679812183329974	Gold	pattern	high	0,5037107999960426	0	4	4	False	False	high
Laposka		73	female	20	implicit	1234	1	1	2	15	59,996676181530106	16,676273949599842	0,05679812183329974	Gold	random	high	0,84754659999453	0	1	1	False	False	high
Laposka		73	female	20	implicit	1234	1	1	2	16	59,996676181530106	16,676273949599842	0,05679812183329974	Gold	pattern	high	0,46337949999724515	0	1	1	False	False	high
Laposka		73	female	20	implicit	1234	1	1	2	17	59,996676181530106	16,676273949599842	0,05679812183329974	Gold	random	low	0,9354107999970438	0	1	1	True	False	low
Laposka		73	female	20	implicit	1234	1	1	2	18	59,996676181530106	16,676273949599842	0,05679812183329974	Gold	pattern	high	0,511421999995946	0	2	2	False	False	high
Laposka		73	female	20	implicit	1234	1	1	2	19	59,996676181530106	16,676273949599842	0,05679812183329974	Gold	random	high	0,5270467000082135	0	2	2	False	False	high
Laposka		73	female	20	implicit	1234	1	1	2	20	59,996676181530106	16,676273949599842	0,05679812183329974	Gold	pattern	high	0,6314586999942549	0	3	3	False	False	high
Laposka		73	female	20	implicit	1234	1	1	2	21	59,996676181530106	16,676273949599842	0,05679812183329974	Gold	random	high	0,4234377999964636	0	3	3	False	False	high
Laposka		73	female	20	implicit	1234	1	1	2	22	59,996676181530106	16,676273949599842	0,05679812183329974	Gold	pattern	high	0,47981559998879675	0	4	4	False	False	high
Laposka		73	female	20	implicit	1234	1	1	2	23	59,996676181530106	16,676273949599842	0,05679812183329974	Gold	random	low	0,5838689999945927	0	2	2	False	False	low
Laposka		73	female	20	implicit	1234	1	1	2	24	59,996676181530106	16,676273949599842	0,05679812183329974	Gold	pattern	high	0,4798626999981934	0	1	1	False	False	high
Laposka		73	female	20	implicit	1234	1	1	2	25	59,996676181530106	16,676273949599842	0,05679812183329974	Gold	random	high	0,5674763999995776	0	3	3	False	False	high
Laposka		73	female	20	implicit	1234	1	1	2	26	59,996676181530106	16,676273949599842	0,05679812183329974	Gold	pattern	high	0,5434555999963777	0	2	2	False	False	high
Laposka		73	female	20	implicit	1234	1	1	2	27	59,996676181530106	16,676273949599842	0,05679812183329974	Gold	random	low	0,41472970000177156	0	3	3	False	True	low
Laposka		73	female	20	implicit	1234	1	1	2	28	59,996676181530106	16,676273949599842	0,05679812183329974	Gold	pattern	high	0,5594354999921052	0	3	3	False	False	high
Laposka		73	female	20	implicit	1234	1	1	2	29	59,996676181530106	16,676273949599842	0,05679812183329974	Gold	random	low	0,5271977000084007	0	2	2	False	False	low
Laposka		73	female	20	implicit	1234	1	1	2	30	59,996676181530106	16,676273949599842	0,05679812183329974	Gold	pattern	high	0,5438711000024341	0	4	4	False	False	high
Laposka		73	female	20	implicit	1234	1	1	2	31	59,996676181530106	16,676273949599842	0,05679812183329974	Gold	random	low	0,42335839998850133	0	4	4	False	False	low
Laposka		73	female	20	implicit	1234	1	1	2	32	59,996676181530106	16,676273949599842	0,05679812183329974	Gold	pattern	high	0,5598188000003574	0	1	1	False	False	high
Laposka		73	female	20	implicit	1234	1	1	2	33	59,996676181530106	16,676273949599842	0,05679812183329974	Gold	random	low	0,7190401999978349	0	3	3	False	False	low
Laposka		73	female	20	implicit	1234	1	1	2	34	59,996676181530106	16,676273949599842	0,05679812183329974	Gold	pattern	high	0,5516162999992957	0	2	2	False	False	high
Laposka		73	female	20	implicit	1234	1	1	2	35	59,996676181530106	16,676273949599842	0,05679812183329974	Gold	random	low	0,535768999994616	0	1	1	False	False	low
Laposka		73	female	20	implicit	1234	1	1	2	36	59,996676181530106	16,676273949599842	0,05679812183329974	Gold	pattern	high	0,6473643000063021	0	3	3	False	False	high
Laposka		73	female	20	implicit	1234	1	1	2	37	59,996676181530106	16,676273949599842	0,05679812183329974	Gold	random	high	0,46333540001069196	0	2	2	False	False	high
Laposka		73	female	20	implicit	1234	1	1	2	38	59,996676181530106	16,676273949599842	0,05679812183329974	Gold	pattern	high	0,5355187999957707	0	4	4	False	False	high
Laposka		73	female	20	implicit	1234	1	1	2	39	59,996676181530106	16,676273949599842	0,05679812183329974	Gold	random	low	0,7114753999921959	0	2	2	False	True	low
Laposka		73	female	20	implicit	1234	1	1	2	40	59,996676181530106	16,676273949599842	0,05679812183329974	Gold	pattern	high	1,007546100008767	0	1	1	False	False	high
Laposka		73	female	20	implicit	1234	1	1	2	41	59,996676181530106	16,676273949599842	0,05679812183329974	Gold	random	low	0,847626400005538	0	4	4	False	False	low
Laposka		73	female	20	implicit	1234	1	1	2	42	59,996676181530106	16,676273949599842	0,05679812183329974	Gold	pattern	high	0,5270613000029698	0	2	2	False	False	high
Laposka		73	female	20	implicit	1234	1	1	2	43	59,996676181530106	16,676273949599842	0,05679812183329974	Gold	random	high	0,5355904000025475	0	1	1	False	False	high
Laposka		73	female	20	implicit	1234	1	1	2	44	59,996676181530106	16,676273949599842	0,05679812183329974	Gold	pattern	high	0,9514427999965847	0	3	3	False	False	high
Laposka		73	female	20	implicit	1234	1	1	2	45	59,996676181530106	16,676273949599842	0,05679812183329974	Gold	random	low	0,5112461999960942	0	3	3	False	False	low
Laposka		73	female	20	implicit	1234	1	1	2	46	59,996676181530106	16,676273949599842	0,05679812183329974	Gold	pattern	high	0,6796115000033751	0	4	4	False	False	high
Laposka		73	female	20	implicit	1234	1	1	2	47	59,996676181530106	16,676273949599842	0,05679812183329974	Gold	random	low	0,5757529999973485	0	1	1	False	False	low
Laposka		73	female	20	implicit	1234	1	1	2	48	59,996676181530106	16,676273949599842	0,05679812183329974	Gold	pattern	high	0,6156407999951625	0	1	1	False	False	high
Laposka		73	female	20	implicit	1234	1	1	2	49	59,996676181530106	16,676273949599842	0,05679812183329974	Gold	random	low	0,7434849999990547	0	1	1	True	False	low
Laposka		73	female	20	implicit	1234	1	1	2	50	59,996676181530106	16,676273949599842	0,05679812183329974	Gold	pattern	high	0,5192509000044083	0	2	2	False	False	high
Laposka		73	female	20	implicit	1234	1	1	2	51	59,996676181530106	16,676273949599842	0,05679812183329974	Gold	random	low	0,6879344000044512	0	1	1	False	True	low
Laposka		73	female	20	implicit	1234	1	1	2	52	59,996676181530106	16,676273949599842	0,05679812183329974	Gold	pattern	high	1,1195073000126285	0	3	3	False	False	high
Laposka		73	female	20	implicit	1234	1	1	2	53	59,996676181530106	16,676273949599842	0,05679812183329974	Gold	random	low	0,5030246999958763	0	3	3	False	False	low
Laposka		73	female	20	implicit	1234	1	1	2	54	59,996676181530106	16,676273949599842	0,05679812183329974	Gold	pattern	high	0,5673253999993904	0	4	4	False	False	high
Laposka		73	female	20	implicit	1234	1	1	2	55	59,996676181530106	16,676273949599842	0,05679812183329974	Gold	random	low	0,6391422000015154	0	2	2	False	False	low
Laposka		73	female	20	implicit	1234	1	1	2	56	59,996676181530106	16,676273949599842	0,05679812183329974	Gold	pattern	high	0,5596286000072723	0	1	1	False	False	high
Laposka		73	female	20	implicit	1234	1	1	2	57	59,996676181530106	16,676273949599842	0,05679812183329974	Gold	random	high	0,5674434000102337	0	3	3	False	False	high
Laposka		73	female	20	implicit	1234	1	1	2	58	59,996676181530106	16,676273949599842	0,05679812183329974	Gold	pattern	high	0,6559379999962403	0	2	2	False	False	high
Laposka		73	female	20	implicit	1234	1	1	2	59	59,996676181530106	16,676273949599842	0,05679812183329974	Gold	random	low	0,6553758000081871	0	2	2	False	False	low
Laposka		73	female	20	implicit	1234	1	1	2	60	59,996676181530106	16,676273949599842	0,05679812183329974	Gold	pattern	high	0,5430501999944681	0	3	3	False	False	high
Laposka		73	female	20	implicit	1234	1	1	2	61	59,996676181530106	16,676273949599842	0,05679812183329974	Gold	random	low	0,6474772999936249	0	1	1	False	False	low
Laposka		73	female	20	implicit	1234	1	1	2	62	59,996676181530106	16,676273949599842	0,05679812183329974	Gold	pattern	high	0,5673871999897528	0	4	4	False	False	high
Laposka		73	female	20	implicit	1234	1	1	2	63	59,996676181530106	16,676273949599842	0,05679812183329974	Gold	random	high	0,49625270000251476	0	2	2	False	False	high
Laposka		73	female	20	implicit	1234	1	1	2	64	59,996676181530106	16,676273949599842	0,05679812183329974	Gold	pattern	high	0,5595565999974497	0	1	1	False	False	high
Laposka		73	female	20	implicit	1234	1	1	2	65	59,996676181530106	16,676273949599842	0,05679812183329974	Gold	random	low	0,6306605999998283	0	2	2	False	True	low
Laposka		73	female	20	implicit	1234	1	1	2	66	59,996676181530106	16,676273949599842	0,05679812183329974	Gold	pattern	high	0,527591800011578	0	2	2	False	False	high
Laposka		73	female	20	implicit	1234	1	1	2	67	59,996676181530106	16,676273949599842	0,05679812183329974	Gold	random	low	0,5439628000021912	0	1	1	False	False	low
Laposka		73	female	20	implicit	1234	1	1	2	68	59,996676181530106	16,676273949599842	0,05679812183329974	Gold	pattern	high	1,1121512999961851	0	3	3	False	False	high
Laposka		73	female	20	implicit	1234	1	1	2	69	59,996676181530106	16,676273949599842	0,05679812183329974	Gold	random	low	0,6874787999986438	0	1	1	False	True	low
Laposka		73	female	20	implicit	1234	1	1	2	70	59,996676181530106	16,676273949599842	0,05679812183329974	Gold	pattern	high	0,8315310000034515	0	4	4	False	False	high
Laposka		73	female	20	implicit	1234	1	1	2	71	59,996676181530106	16,676273949599842	0,05679812183329974	Gold	random	low	0,5035016000038013	0	4	4	False	False	low
Laposka		73	female	20	implicit	1234	1	1	2	72	59,996676181530106	16,676273949599842	0,05679812183329974	Gold	pattern	high	0,5112995999952545	0	1	1	False	False	high
Laposka		73	female	20	implicit	1234	1	1	2	73	59,996676181530106	16,676273949599842	0,05679812183329974	Gold	random	low	0,7671968999929959	0	3	3	False	False	low
Laposka		73	female	20	implicit	1234	1	1	2	74	59,996676181530106	16,676273949599842	0,05679812183329974	Gold	pattern	high	0,5270192000025418	0	2	2	False	False	high
Laposka		73	female	20	implicit	1234	1	1	2	75	59,996676181530106	16,676273949599842	0,05679812183329974	Gold	random	low	0,4872001000039745	0	2	2	False	False	low
Laposka		73	female	20	implicit	1234	1	1	2	76	59,996676181530106	16,676273949599842	0,05679812183329974	Gold	pattern	high	0,5436165999999503	0	3	3	False	False	high
Laposka		73	female	20	implicit	1234	1	1	2	77	59,996676181530106	16,676273949599842	0,05679812183329974	Gold	random	high	0,46371490000456106	0	3	3	False	False	high
Laposka		73	female	20	implicit	1234	1	1	2	78	59,996676181530106	16,676273949599842	0,05679812183329974	Gold	pattern	high	0,5124229000066407	0	4	4	False	False	high
Laposka		73	female	20	implicit	1234	1	1	2	79	59,996676181530106	16,676273949599842	0,05679812183329974	Gold	random	low	0,671379599996726	0	1	1	False	False	low
Laposka		73	female	20	implicit	1234	1	1	2	80	59,996676181530106	16,676273949599842	0,05679812183329974	Gold	pattern	high	0,5034615000040503	0	1	1	False	False	high
Laposka		73	female	20	implicit	1234	1	1	2	81	59,996676181530106	16,676273949599842	0,05679812183329974	Gold	random	low	0,6150186000013491	0	4	4	False	False	low
Laposka		73	female	20	implicit	1234	1	1	2	82	59,996676181530106	16,676273949599842	0,05679812183329974	Gold	pattern	high	0,5431173000106355	0	2	2	False	False	high
Laposka		73	female	20	implicit	1234	1	1	2	83	59,996676181530106	16,676273949599842	0,05679812183329974	Gold	random	high	0,5515318999969168	0	1	1	False	False	high
Laposka		73	female	20	implicit	1234	1	1	2	84	59,996676181530106	16,676273949599842	0,05679812183329974	Gold	pattern	high	0,5594354999921052	0	3	3	False	False	high
Laposka		73	female	20	implicit	1234	1	1	2	85	59,996676181530106	16,676273949599842	0,05679812183329974	Gold	random	high	0,8706482999987202	0	2	2	False	False	high
Laposka		73	female	20	implicit	1234	1	1	3	1	59,996676181530106	16,676273949599842	0,05679812183329974	Gold	random	none	0,753237299999455	0	4	4	none	none	none
Laposka		73	female	20	implicit	1234	1	1	3	2	59,996676181530106	16,676273949599842	0,05679812183329974	Gold	random	none	0,7273189000115963	1	3	1	none	none	none
Laposka		73	female	20	implicit	1234	1	1	3	3	59,996676181530106	16,676273949599842	0,05679812183329974	Gold	random	high	0,5597378000093158	0	1	1	False	False	high
Laposka		73	female	20	implicit	1234	1	1	3	4	59,996676181530106	16,676273949599842	0,05679812183329974	Gold	random	high	1,0649223999935202	0	4	4	False	False	high
Laposka		73	female	20	implicit	1234	1	1	3	5	59,996676181530106	16,676273949599842	0,05679812183329974	Gold	random	high	0,4804807000036817	0	2	2	False	False	high
Laposka		73	female	20	implicit	1234	1	1	3	6	59,996676181530106	16,676273949599842	0,05679812183329974	Gold	pattern	high	0,4882274999981746	0	1	1	False	False	high
Laposka		73	female	20	implicit	1234	1	1	3	7	59,996676181530106	16,676273949599842	0,05679812183329974	Gold	random	low	0,5038110000023153	0	1	1	False	False	low
Laposka		73	female	20	implicit	1234	1	1	3	8	59,996676181530106	16,676273949599842	0,05679812183329974	Gold	pattern	high	0,4725770999939414	0	2	2	False	False	high
Laposka		73	female	20	implicit	1234	1	1	3	9	59,996676181530106	16,676273949599842	0,05679812183329974	Gold	random	low	0,624612800005707	0	1	1	False	True	low
Laposka		73	female	20	implicit	1234	1	1	3	10	59,996676181530106	16,676273949599842	0,05679812183329974	Gold	pattern	high	0,6473891999921761	0	3	3	False	False	high
Laposka		73	female	20	implicit	1234	1	1	3	11	59,996676181530106	16,676273949599842	0,05679812183329974	Gold	random	low	0,9443790999939665	0	1	1	False	True	low
Laposka		73	female	20	implicit	1234	1	1	3	12	59,996676181530106	16,676273949599842	0,05679812183329974	Gold	pattern	high	0,7281039999943459	0	4	4	False	False	high
Laposka		73	female	20	implicit	1234	1	1	3	13	59,996676181530106	16,676273949599842	0,05679812183329974	Gold	random	low	0,5677298999944469	0	3	3	False	False	low
Laposka		73	female	20	implicit	1234	1	1	3	14	59,996676181530106	16,676273949599842	0,05679812183329974	Gold	pattern	high	0,9357903999916743	0	1	1	False	False	high
Laposka		73	female	20	implicit	1234	1	1	3	15	59,996676181530106	16,676273949599842	0,05679812183329974	Gold	random	high	0,5689171999983955	0	4	4	False	False	high
Laposka		73	female	20	implicit	1234	1	1	3	16	59,996676181530106	16,676273949599842	0,05679812183329974	Gold	pattern	high	0,4481861999956891	0	2	2	False	False	high
Laposka		73	female	20	implicit	1234	1	1	3	17	59,996676181530106	16,676273949599842	0,05679812183329974	Gold	random	low	0,5432658999925479	0	3	3	False	False	low
Laposka		73	female	20	implicit	1234	1	1	3	18	59,996676181530106	16,676273949599842	0,05679812183329974	Gold	pattern	high	0,48850710000260733	0	3	3	False	False	high
Laposka		73	female	20	implicit	1234	1	1	3	19	59,996676181530106	16,676273949599842	0,05679812183329974	Gold	random	low	0,4562225999980001	0	3	3	True	False	low
Laposka		73	female	20	implicit	1234	1	1	3	20	59,996676181530106	16,676273949599842	0,05679812183329974	Gold	pattern	high	0,48006940000050236	0	4	4	False	False	high
Laposka		73	female	20	implicit	1234	1	1	3	21	59,996676181530106	16,676273949599842	0,05679812183329974	Gold	random	high	0,5046249000006355	0	4	4	False	False	high
Laposka		73	female	20	implicit	1234	1	1	3	22	59,996676181530106	16,676273949599842	0,05679812183329974	Gold	pattern	high	0,5846088999969652	0	1	1	False	False	high
Laposka		73	female	20	implicit	1234	1	1	3	23	59,996676181530106	16,676273949599842	0,05679812183329974	Gold	random	low	0,47171240000170656	0	2	2	False	False	low
Laposka		73	female	20	implicit	1234	1	1	3	24	59,996676181530106	16,676273949599842	0,05679812183329974	Gold	pattern	high	0,49679160000232514	0	2	2	False	False	high
Laposka		73	female	20	implicit	1234	1	1	3	25	59,996676181530106	16,676273949599842	0,05679812183329974	Gold	random	low	0,4644105000043055	0	4	4	False	False	low
Laposka		73	female	20	implicit	1234	1	1	3	26	59,996676181530106	16,676273949599842	0,05679812183329974	Gold	pattern	high	0,5277971000032267	0	3	3	False	False	high
Laposka		73	female	20	implicit	1234	1	1	3	27	59,996676181530106	16,676273949599842	0,05679812183329974	Gold	random	low	0,5446931999904336	0	4	4	False	True	low
Laposka		73	female	20	implicit	1234	1	1	3	28	59,996676181530106	16,676273949599842	0,05679812183329974	Gold	pattern	high	0,5123580999934347	0	4	4	False	False	high
Laposka		73	female	20	implicit	1234	1	1	3	29	59,996676181530106	16,676273949599842	0,05679812183329974	Gold	random	high	0,5514505000028294	0	1	1	False	False	high
Laposka		73	female	20	implicit	1234	1	1	3	30	59,996676181530106	16,676273949599842	0,05679812183329974	Gold	pattern	high	0,4079263000021456	0	1	1	False	False	high
Laposka		73	female	20	implicit	1234	1	1	3	31	59,996676181530106	16,676273949599842	0,05679812183329974	Gold	random	low	0,5683033999957843	0	3	3	False	False	low
Laposka		73	female	20	implicit	1234	1	1	3	32	59,996676181530106	16,676273949599842	0,05679812183329974	Gold	pattern	high	0,5522338000009768	0	2	2	False	False	high
Laposka		73	female	20	implicit	1234	1	1	3	33	59,996676181530106	16,676273949599842	0,05679812183329974	Gold	random	low	0,5197684000013396	0	3	3	False	True	low
Laposka		73	female	20	implicit	1234	1	1	3	34	59,996676181530106	16,676273949599842	0,05679812183329974	Gold	pattern	high	0,48851989999820944	0	3	3	False	False	high
Laposka		73	female	20	implicit	1234	1	1	3	35	59,996676181530106	16,676273949599842	0,05679812183329974	Gold	random	high	0,49633280000125524	0	4	4	False	False	high
Laposka		73	female	20	implicit	1234	1	1	3	36	59,996676181530106	16,676273949599842	0,05679812183329974	Gold	pattern	high	0,44782430000486784	0	4	4	False	False	high
Laposka		73	female	20	implicit	1234	1	1	3	37	59,996676181530106	16,676273949599842	0,05679812183329974	Gold	random	low	0,5844507000001613	0	2	2	False	False	low
Laposka		73	female	20	implicit	1234	1	1	3	38	59,996676181530106	16,676273949599842	0,05679812183329974	Gold	pattern	high	0,8233394999988377	0	1	1	False	False	high
Laposka		73	female	20	implicit	1234	1	1	3	39	59,996676181530106	16,676273949599842	0,05679812183329974	Gold	random	low	0,7593335999990813	0	4	4	False	False	low
Laposka		73	female	20	implicit	1234	1	1	3	40	59,996676181530106	16,676273949599842	0,05679812183329974	Gold	pattern	high	0,5195504000002984	0	2	2	False	False	high
Laposka		73	female	20	implicit	1234	1	1	3	41	59,996676181530106	16,676273949599842	0,05679812183329974	Gold	random	low	0,5688021999958437	0	4	4	False	True	low
Laposka		73	female	20	implicit	1234	1	1	3	42	59,996676181530106	16,676273949599842	0,05679812183329974	Gold	pattern	high	0,5604467999946792	0	3	3	False	False	high
Laposka		73	female	20	implicit	1234	1	1	3	43	59,996676181530106	16,676273949599842	0,05679812183329974	Gold	random	low	0,5757542000064859	0	2	2	False	False	low
Laposka		73	female	20	implicit	1234	1	1	3	44	59,996676181530106	16,676273949599842	0,05679812183329974	Gold	pattern	high	0,4965404000104172	0	4	4	False	False	high
Laposka		73	female	20	implicit	1234	1	1	3	45	59,996676181530106	16,676273949599842	0,05679812183329974	Gold	random	high	0,48799930000677705	0	3	3	False	False	high
Laposka		73	female	20	implicit	1234	1	1	3	46	59,996676181530106	16,676273949599842	0,05679812183329974	Gold	pattern	high	0,7280131000006804	0	1	1	False	False	high
Laposka		73	female	20	implicit	1234	1	1	3	47	59,996676181530106	16,676273949599842	0,05679812183329974	Gold	random	low	0,6161219999921741	0	3	3	False	True	low
Laposka		73	female	20	implicit	1234	1	1	3	48	59,996676181530106	16,676273949599842	0,05679812183329974	Gold	pattern	high	0,5042136000120081	0	2	2	False	False	high
Laposka		73	female	20	implicit	1234	1	1	3	49	59,996676181530106	16,676273949599842	0,05679812183329974	Gold	random	low	0,8796215000038501	0	1	1	False	False	low
Laposka		73	female	20	implicit	1234	1	1	3	50	59,996676181530106	16,676273949599842	0,05679812183329974	Gold	pattern	high	1,0551023000007262	0	3	3	False	False	high
Laposka		73	female	20	implicit	1234	1	1	3	51	59,996676181530106	16,676273949599842	0,05679812183329974	Gold	random	low	1,0243622999987565	0	4	4	False	False	low
Laposka		73	female	20	implicit	1234	1	1	3	52	59,996676181530106	16,676273949599842	0,05679812183329974	Gold	pattern	high	0,48741180000070017	0	4	4	False	False	high
Laposka		73	female	20	implicit	1234	1	1	3	53	59,996676181530106	16,676273949599842	0,05679812183329974	Gold	random	low	0,4954966999939643	0	2	2	False	False	low
Laposka		73	female	20	implicit	1234	1	1	3	54	59,996676181530106	16,676273949599842	0,05679812183329974	Gold	pattern	high	0,512632099998882	0	1	1	False	False	high
Laposka		73	female	20	implicit	1234	1	1	3	55	59,996676181530106	16,676273949599842	0,05679812183329974	Gold	random	low	0,6483680000092136	0	4	4	False	False	low
Laposka		73	female	20	implicit	1234	1	1	3	56	59,996676181530106	16,676273949599842	0,05679812183329974	Gold	pattern	high	0,5600439000118058	0	2	2	False	False	high
Laposka		73	female	20	implicit	1234	1	1	3	57	59,996676181530106	16,676273949599842	0,05679812183329974	Gold	random	low	0,5526688999962062	0	3	3	False	False	low
Laposka		73	female	20	implicit	1234	1	1	3	58	59,996676181530106	16,676273949599842	0,05679812183329974	Gold	pattern	high	0,5282595000026049	0	3	3	False	False	high
Laposka		73	female	20	implicit	1234	1	1	3	59	59,996676181530106	16,676273949599842	0,05679812183329974	Gold	random	low	0,5600152999977581	0	1	1	False	False	low
Laposka		73	female	20	implicit	1234	1	1	3	60	59,996676181530106	16,676273949599842	0,05679812183329974	Gold	pattern	high	0,5926384000049438	0	4	4	False	False	high
Laposka		73	female	20	implicit	1234	1	1	3	61	59,996676181530106	16,676273949599842	0,05679812183329974	Gold	random	low	0,4888225000031525	0	4	4	False	False	low
Laposka		73	female	20	implicit	1234	1	1	3	62	59,996676181530106	16,676273949599842	0,05679812183329974	Gold	pattern	high	0,592266199993901	0	1	1	False	False	high
Laposka		73	female	20	implicit	1234	1	1	3	63	59,996676181530106	16,676273949599842	0,05679812183329974	Gold	random	low	0,6237720000062836	0	3	3	False	False	low
Laposka		73	female	20	implicit	1234	1	1	3	64	59,996676181530106	16,676273949599842	0,05679812183329974	Gold	pattern	high	0,5128458999970462	0	2	2	False	False	high
Laposka		73	female	20	implicit	1234	1	1	3	65	59,996676181530106	16,676273949599842	0,05679812183329974	Gold	random	high	0,6884621999925002	0	4	4	False	False	high
Laposka		73	female	20	implicit	1234	1	1	3	66	59,996676181530106	16,676273949599842	0,05679812183329974	Gold	pattern	high	0,6557287000032375	0	3	3	False	False	high
Laposka		73	female	20	implicit	1234	1	1	3	67	59,996676181530106	16,676273949599842	0,05679812183329974	Gold	random	low	0,5045327999978326	0	3	3	False	False	low
Laposka		73	female	20	implicit	1234	1	1	3	68	59,996676181530106	16,676273949599842	0,05679812183329974	Gold	pattern	high	0,9523276999971131	0	4	4	False	False	high
Laposka		73	female	20	implicit	1234	1	1	3	69	59,996676181530106	16,676273949599842	0,05679812183329974	Gold	random	low	0,519523199996911	0	2	2	False	False	low
Laposka		73	female	20	implicit	1234	1	1	3	70	59,996676181530106	16,676273949599842	0,05679812183329974	Gold	pattern	high	0,48807519998808857	0	1	1	False	False	high
Laposka		73	female	20	implicit	1234	1	1	3	71	59,996676181530106	16,676273949599842	0,05679812183329974	Gold	random	low	0,6807662999926833	0	4	4	False	False	low
Laposka		73	female	20	implicit	1234	1	1	3	72	59,996676181530106	16,676273949599842	0,05679812183329974	Gold	pattern	high	0,576014899997972	0	2	2	False	False	high
Laposka		73	female	20	implicit	1234	1	1	3	73	59,996676181530106	16,676273949599842	0,05679812183329974	Gold	random	low	0,5353095000027679	0	2	2	False	False	low
Laposka		73	female	20	implicit	1234	1	1	3	74	59,996676181530106	16,676273949599842	0,05679812183329974	Gold	pattern	high	0,5448321999865584	0	3	3	False	False	high
Laposka		73	female	20	implicit	1234	1	1	3	75	59,996676181530106	16,676273949599842	0,05679812183329974	Gold	random	low	0,5841158999974141	0	2	2	False	True	low
Laposka		73	female	20	implicit	1234	1	1	3	76	59,996676181530106	16,676273949599842	0,05679812183329974	Gold	pattern	high	0,511707400000887	0	4	4	False	False	high
Laposka		73	female	20	implicit	1234	1	1	3	77	59,996676181530106	16,676273949599842	0,05679812183329974	Gold	random	high	1,36043499999505	0	3	3	False	False	high
Laposka		73	female	20	implicit	1234	1	1	3	78	59,996676181530106	16,676273949599842	0,05679812183329974	Gold	pattern	high	0,648359500002698	0	1	1	False	False	high
Laposka		73	female	20	implicit	1234	1	1	3	79	59,996676181530106	16,676273949599842	0,05679812183329974	Gold	random	low	0,47172109999519307	0	2	2	False	False	low
Laposka		73	female	20	implicit	1234	1	1	3	80	59,996676181530106	16,676273949599842	0,05679812183329974	Gold	pattern	high	0,46461519999138545	0	2	2	False	False	high
Laposka		73	female	20	implicit	1234	1	1	3	81	59,996676181530106	16,676273949599842	0,05679812183329974	Gold	random	low	0,5922330000030342	0	1	1	False	False	low
Laposka		73	female	20	implicit	1234	1	1	3	82	59,996676181530106	16,676273949599842	0,05679812183329974	Gold	pattern	high	0,614978700003121	0	3	3	False	False	high
Laposka		73	female	20	implicit	1234	1	1	3	83	59,996676181530106	16,676273949599842	0,05679812183329974	Gold	random	low	0,5284729999984847	0	3	3	False	False	low
Laposka		73	female	20	implicit	1234	1	1	3	84	59,996676181530106	16,676273949599842	0,05679812183329974	Gold	pattern	high	0,5844573999929707	0	4	4	False	False	high
Laposka		73	female	20	implicit	1234	1	1	3	85	59,996676181530106	16,676273949599842	0,05679812183329974	Gold	random	low	0,7187631999986479	0	3	3	False	True	low
Laposka		73	female	20	implicit	1234	1	1	4	1	59,996676181530106	16,676273949599842	0,05679812183329974	Gold	random	none	0,46797030000016093	0	2	2	none	none	none
Laposka		73	female	20	implicit	1234	1	1	4	2	59,996676181530106	16,676273949599842	0,05679812183329974	Gold	random	none	0,5353332999948179	0	3	3	none	none	none
Laposka		73	female	20	implicit	1234	1	1	4	3	59,996676181530106	16,676273949599842	0,05679812183329974	Gold	random	low	0,5480947000032756	0	1	1	False	False	low
Laposka		73	female	20	implicit	1234	1	1	4	4	59,996676181530106	16,676273949599842	0,05679812183329974	Gold	random	low	0,5525008000113303	0	2	2	False	False	low
Laposka		73	female	20	implicit	1234	1	1	4	5	59,996676181530106	16,676273949599842	0,05679812183329974	Gold	random	low	0,5598276999953669	0	3	3	False	False	low
Laposka		73	female	20	implicit	1234	1	1	4	6	59,996676181530106	16,676273949599842	0,05679812183329974	Gold	pattern	high	0,6075200000050245	0	3	3	False	False	high
Laposka		73	female	20	implicit	1234	1	1	4	7	59,996676181530106	16,676273949599842	0,05679812183329974	Gold	random	low	0,5366947000002256	0	2	2	False	False	low
Laposka		73	female	20	implicit	1234	1	1	4	8	59,996676181530106	16,676273949599842	0,05679812183329974	Gold	pattern	high	0,46411020000232384	0	4	4	False	False	high
Laposka		73	female	20	implicit	1234	1	1	4	9	59,996676181530106	16,676273949599842	0,05679812183329974	Gold	random	low	0,4870805999962613	0	2	2	False	True	low
Laposka		73	female	20	implicit	1234	1	1	4	10	59,996676181530106	16,676273949599842	0,05679812183329974	Gold	pattern	high	0,6008834000094794	0	1	1	False	False	high
Laposka		73	female	20	implicit	1234	1	1	4	11	59,996676181530106	16,676273949599842	0,05679812183329974	Gold	random	high	0,6080317000014475	0	3	3	False	False	high
Laposka		73	female	20	implicit	1234	1	1	4	12	59,996676181530106	16,676273949599842	0,05679812183329974	Gold	pattern	high	0,5994957000075374	0	2	2	False	False	high
Laposka		73	female	20	implicit	1234	1	1	4	13	59,996676181530106	16,676273949599842	0,05679812183329974	Gold	random	low	0,49677160001010634	0	2	2	False	False	low
Laposka		73	female	20	implicit	1234	1	1	4	14	59,996676181530106	16,676273949599842	0,05679812183329974	Gold	pattern	high	0,6484346999932313	0	3	3	False	False	high
Laposka		73	female	20	implicit	1234	1	1	4	15	59,996676181530106	16,676273949599842	0,05679812183329974	Gold	random	low	0,5758914000034565	0	1	1	False	False	low
Laposka		73	female	20	implicit	1234	1	1	4	16	59,996676181530106	16,676273949599842	0,05679812183329974	Gold	pattern	high	0,8512268000049517	0	4	4	False	False	high
Laposka		73	female	20	implicit	1234	1	1	4	17	59,996676181530106	16,676273949599842	0,05679812183329974	Gold	random	low	1,6401239999977406	0	3	3	False	False	low
Laposka		73	female	20	implicit	1234	1	1	4	18	59,996676181530106	16,676273949599842	0,05679812183329974	Gold	pattern	high	1,0395892999949865	0	1	1	False	False	high
Laposka		73	female	20	implicit	1234	1	1	4	19	59,996676181530106	16,676273949599842	0,05679812183329974	Gold	random	low	0,5514204999926733	0	2	2	False	False	low
Laposka		73	female	20	implicit	1234	1	1	4	20	59,996676181530106	16,676273949599842	0,05679812183329974	Gold	pattern	high	0,4961654000071576	0	2	2	False	False	high
Laposka		73	female	20	implicit	1234	1	1	4	21	59,996676181530106	16,676273949599842	0,05679812183329974	Gold	random	low	0,5680119000026025	0	2	2	True	False	low
Laposka		73	female	20	implicit	1234	1	1	4	22	59,996676181530106	16,676273949599842	0,05679812183329974	Gold	pattern	high	0,5758559999958379	0	3	3	False	False	high
Laposka		73	female	20	implicit	1234	1	1	4	23	59,996676181530106	16,676273949599842	0,05679812183329974	Gold	random	low	0,4645798000128707	0	4	4	False	False	low
Laposka		73	female	20	implicit	1234	1	1	4	24	59,996676181530106	16,676273949599842	0,05679812183329974	Gold	pattern	high	1,4317116000020178	0	4	4	False	False	high
Laposka		73	female	20	implicit	1234	1	1	4	25	59,996676181530106	16,676273949599842	0,05679812183329974	Gold	random	high	0,5440881999966223	0	1	1	False	False	high
Laposka		73	female	20	implicit	1234	1	1	4	26	59,996676181530106	16,676273949599842	0,05679812183329974	Gold	pattern	high	0,5845558000000892	0	1	1	False	False	high
Laposka		73	female	20	implicit	1234	1	1	4	27	59,996676181530106	16,676273949599842	0,05679812183329974	Gold	random	low	0,4723544000007678	0	1	1	True	False	low
Laposka		73	female	20	implicit	1234	1	1	4	28	59,996676181530106	16,676273949599842	0,05679812183329974	Gold	pattern	high	0,5420005000050878	0	2	2	False	False	high
Laposka		73	female	20	implicit	1234	1	1	4	29	59,996676181530106	16,676273949599842	0,05679812183329974	Gold	random	low	0,7836302000068827	0	1	1	False	True	low
Laposka		73	female	20	implicit	1234	1	1	4	30	59,996676181530106	16,676273949599842	0,05679812183329974	Gold	pattern	high	0,6561014000035357	0	3	3	False	False	high
Laposka		73	female	20	implicit	1234	1	1	4	31	59,996676181530106	16,676273949599842	0,05679812183329974	Gold	random	low	0,49559449999651406	0	3	3	False	False	low
Laposka		73	female	20	implicit	1234	1	1	4	32	59,996676181530106	16,676273949599842	0,05679812183329974	Gold	pattern	high	0,5114969999995083	0	4	4	False	False	high
Laposka		73	female	20	implicit	1234	1	1	4	33	59,996676181530106	16,676273949599842	0,05679812183329974	Gold	random	low	0,6006225999881281	0	2	2	False	False	low
Laposka		73	female	20	implicit	1234	1	1	4	34	59,996676181530106	16,676273949599842	0,05679812183329974	Gold	pattern	high	0,47244769999815617	0	1	1	False	False	high
Laposka		73	female	20	implicit	1234	1	1	4	35	59,996676181530106	16,676273949599842	0,05679812183329974	Gold	random	low	0,6795434000086971	0	4	4	False	False	low
Laposka		73	female	20	implicit	1234	1	1	4	36	59,996676181530106	16,676273949599842	0,05679812183329974	Gold	pattern	high	0,5205816000088817	0	2	2	False	False	high
Laposka		73	female	20	implicit	1234	1	1	4	37	59,996676181530106	16,676273949599842	0,05679812183329974	Gold	random	low	0,5922633000009228	0	4	4	False	True	low
Laposka		73	female	20	implicit	1234	1	1	4	38	59,996676181530106	16,676273949599842	0,05679812183329974	Gold	pattern	high	0,5753297000046587	0	3	3	False	False	high
Laposka		73	female	20	implicit	1234	1	1	4	39	59,996676181530106	16,676273949599842	0,05679812183329974	Gold	random	low	0,59965010000451	0	2	2	False	False	low
Laposka		73	female	20	implicit	1234	1	1	4	40	59,996676181530106	16,676273949599842	0,05679812183329974	Gold	pattern	high	0,504701700003352	0	4	4	False	False	high
Laposka		73	female	20	implicit	1234	1	1	4	41	59,996676181530106	16,676273949599842	0,05679812183329974	Gold	random	low	0,5125051000068197	0	4	4	False	False	low
Laposka		73	female	20	implicit	1234	1	1	4	42	59,996676181530106	16,676273949599842	0,05679812183329974	Gold	pattern	high	0,5443434000044363	0	1	1	False	False	high
Laposka		73	female	20	implicit	1234	1	1	4	43	59,996676181530106	16,676273949599842	0,05679812183329974	Gold	random	low	0,5605138000100851	0	2	2	False	False	low
Laposka		73	female	20	implicit	1234	1	1	4	44	59,996676181530106	16,676273949599842	0,05679812183329974	Gold	pattern	high	0,47222039999905974	0	2	2	False	False	high
Laposka		73	female	20	implicit	1234	1	1	4	45	59,996676181530106	16,676273949599842	0,05679812183329974	Gold	random	low	0,5035922000097344	0	2	2	True	False	low
Laposka		73	female	20	implicit	1234	1	1	4	46	59,996676181530106	16,676273949599842	0,05679812183329974	Gold	pattern	high	0,7123621999926399	0	3	3	False	False	high
Laposka		73	female	20	implicit	1234	1	1	4	47	59,996676181530106	16,676273949599842	0,05679812183329974	Gold	random	low	0,7443461999937426	0	1	1	False	False	low
Laposka		73	female	20	implicit	1234	1	1	4	48	59,996676181530106	16,676273949599842	0,05679812183329974	Gold	pattern	high	0,5275507000042126	0	4	4	False	False	high
Laposka		73	female	20	implicit	1234	1	1	4	49	59,996676181530106	16,676273949599842	0,05679812183329974	Gold	random	high	0,4792235999921104	0	2	2	False	False	high
Laposka		73	female	20	implicit	1234	1	1	4	50	59,996676181530106	16,676273949599842	0,05679812183329974	Gold	pattern	high	0,6002573000005214	0	1	1	False	False	high
Laposka		73	female	20	implicit	1234	1	1	4	51	59,996676181530106	16,676273949599842	0,05679812183329974	Gold	random	low	0,5513520000095014	0	2	2	False	True	low
Laposka		73	female	20	implicit	1234	1	1	4	52	59,996676181530106	16,676273949599842	0,05679812183329974	Gold	pattern	high	0,6153904000093462	0	2	2	False	False	high
Laposka		73	female	20	implicit	1234	1	1	4	53	59,996676181530106	16,676273949599842	0,05679812183329974	Gold	random	low	0,45645220000005793	0	4	4	False	False	low
Laposka		73	female	20	implicit	1234	1	1	4	54	59,996676181530106	16,676273949599842	0,05679812183329974	Gold	pattern	high	0,5205023000016809	0	3	3	False	False	high
Laposka		73	female	20	implicit	1234	1	1	4	55	59,996676181530106	16,676273949599842	0,05679812183329974	Gold	random	low	0,5039347999991151	0	2	2	False	False	low
Laposka		73	female	20	implicit	1234	1	1	4	56	59,996676181530106	16,676273949599842	0,05679812183329974	Gold	pattern	high	0,464788099998259	0	4	4	False	False	high
Laposka		73	female	20	implicit	1234	1	1	4	57	59,996676181530106	16,676273949599842	0,05679812183329974	Gold	random	low	0,6003428999974858	0	1	1	False	False	low
Laposka		73	female	20	implicit	1234	1	1	4	58	59,996676181530106	16,676273949599842	0,05679812183329974	Gold	pattern	high	0,48006549999990966	0	1	1	False	False	high
Laposka		73	female	20	implicit	1234	1	1	4	59	59,996676181530106	16,676273949599842	0,05679812183329974	Gold	random	low	0,5285548000101699	0	1	1	True	False	low
Laposka		73	female	20	implicit	1234	1	1	4	60	59,996676181530106	16,676273949599842	0,05679812183329974	Gold	pattern	high	0,5283633999933954	0	2	2	False	False	high
Laposka		73	female	20	implicit	1234	1	1	4	61	59,996676181530106	16,676273949599842	0,05679812183329974	Gold	random	low	0,7275401999941096	0	1	1	False	True	low
Laposka		73	female	20	implicit	1234	1	1	4	62	59,996676181530106	16,676273949599842	0,05679812183329974	Gold	pattern	high	0,62399639999785	0	3	3	False	False	high
Laposka		73	female	20	implicit	1234	1	1	4	63	59,996676181530106	16,676273949599842	0,05679812183329974	Gold	random	high	0,6563120000064373	0	2	2	False	False	high
Laposka		73	female	20	implicit	1234	1	1	4	64	59,996676181530106	16,676273949599842	0,05679812183329974	Gold	pattern	high	0,46452779999526683	0	4	4	False	False	high
Laposka		73	female	20	implicit	1234	1	1	4	65	59,996676181530106	16,676273949599842	0,05679812183329974	Gold	random	low	0,6159384999918984	0	2	2	False	True	low
Laposka		73	female	20	implicit	1234	1	1	4	66	59,996676181530106	16,676273949599842	0,05679812183329974	Gold	pattern	high	0,4326615000027232	0	1	1	False	False	high
Laposka		73	female	20	implicit	1234	1	1	4	67	59,996676181530106	16,676273949599842	0,05679812183329974	Gold	random	high	0,6242070000007516	0	3	3	False	False	high
Laposka		73	female	20	implicit	1234	1	1	4	68	59,996676181530106	16,676273949599842	0,05679812183329974	Gold	pattern	high	0,5759301000070991	0	2	2	False	False	high
Laposka		73	female	20	implicit	1234	1	1	4	69	59,996676181530106	16,676273949599842	0,05679812183329974	Gold	random	low	0,6804125999915414	0	3	3	False	True	low
Laposka		73	female	20	implicit	1234	1	1	4	70	59,996676181530106	16,676273949599842	0,05679812183329974	Gold	pattern	high	0,5921818000060739	0	3	3	False	False	high
Laposka		73	female	20	implicit	1234	1	1	4	71	59,996676181530106	16,676273949599842	0,05679812183329974	Gold	random	low	0,5039381999959005	0	3	3	True	False	low
Laposka		73	female	20	implicit	1234	1	1	4	72	59,996676181530106	16,676273949599842	0,05679812183329974	Gold	pattern	high	0,5928977000003215	0	4	4	False	False	high
Laposka		73	female	20	implicit	1234	1	1	4	73	59,996676181530106	16,676273949599842	0,05679812183329974	Gold	random	low	0,7277212000044528	0	1	1	False	False	low
Laposka		73	female	20	implicit	1234	1	1	4	74	59,996676181530106	16,676273949599842	0,05679812183329974	Gold	pattern	high	0,5038162999990163	0	1	1	False	False	high
Laposka		73	female	20	implicit	1234	1	1	4	75	59,996676181530106	16,676273949599842	0,05679812183329974	Gold	random	low	0,7038757999980589	0	4	4	False	False	low
Laposka		73	female	20	implicit	1234	1	1	4	76	59,996676181530106	16,676273949599842	0,05679812183329974	Gold	pattern	high	0,528581699996721	0	2	2	False	False	high
Laposka		73	female	20	implicit	1234	1	1	4	77	59,996676181530106	16,676273949599842	0,05679812183329974	Gold	random	low	0,6404091000003973	0	4	4	False	True	low
Laposka		73	female	20	implicit	1234	1	1	4	78	59,996676181530106	16,676273949599842	0,05679812183329974	Gold	pattern	high	1,0797313999937614	0	3	3	False	False	high
Laposka		73	female	20	implicit	1234	1	1	4	79	59,996676181530106	16,676273949599842	0,05679812183329974	Gold	random	high	0,5764131000032648	0	1	1	False	False	high
Laposka		73	female	20	implicit	1234	1	1	4	80	59,996676181530106	16,676273949599842	0,05679812183329974	Gold	pattern	high	0,5681218999961857	0	4	4	False	False	high
Laposka		73	female	20	implicit	1234	1	1	4	81	59,996676181530106	16,676273949599842	0,05679812183329974	Gold	random	low	0,5756438000098569	0	1	1	False	True	low
Laposka		73	female	20	implicit	1234	1	1	4	82	59,996676181530106	16,676273949599842	0,05679812183329974	Gold	pattern	high	0,5759026000014273	0	1	1	False	False	high
Laposka		73	female	20	implicit	1234	1	1	4	83	59,996676181530106	16,676273949599842	0,05679812183329974	Gold	random	low	0,5046087999944575	0	4	4	False	False	low
Laposka		73	female	20	implicit	1234	1	1	4	84	59,996676181530106	16,676273949599842	0,05679812183329974	Gold	pattern	high	0,5443800999928499	0	2	2	False	False	high
Laposka		73	female	20	implicit	1234	1	1	4	85	59,996676181530106	16,676273949599842	0,05679812183329974	Gold	random	low	0,5513427999976557	0	2	2	False	False	low
Laposka		73	female	20	implicit	1234	1	1	5	1	59,996676181530106	16,676273949599842	0,05679812183329974	Gold	random	none	0,6186670000024606	0	4	4	none	none	none
Laposka		73	female	20	implicit	1234	1	1	5	2	59,996676181530106	16,676273949599842	0,05679812183329974	Gold	random	none	0,839533999998821	0	2	2	none	none	none
Laposka		73	female	20	implicit	1234	1	1	5	3	59,996676181530106	16,676273949599842	0,05679812183329974	Gold	random	low	0,6797768999967957	0	4	4	False	True	low
Laposka		73	female	20	implicit	1234	1	1	5	4	59,996676181530106	16,676273949599842	0,05679812183329974	Gold	random	low	0,5388311000133399	0	1	1	False	False	low
Laposka		73	female	20	implicit	1234	1	1	5	5	59,996676181530106	16,676273949599842	0,05679812183329974	Gold	random	low	0,7842789999995148	0	4	4	False	True	low
Laposka		73	female	20	implicit	1234	1	1	5	6	59,996676181530106	16,676273949599842	0,05679812183329974	Gold	pattern	high	0,4795101000054274	0	2	2	False	False	high
Laposka		73	female	20	implicit	1234	1	1	5	7	59,996676181530106	16,676273949599842	0,05679812183329974	Gold	random	low	0,5173529999883613	0	2	2	False	False	low
Laposka		73	female	20	implicit	1234	1	1	5	8	59,996676181530106	16,676273949599842	0,05679812183329974	Gold	pattern	high	0,7042526000004727	0	3	3	False	False	high
Laposka		73	female	20	implicit	1234	1	1	5	9	59,996676181530106	16,676273949599842	0,05679812183329974	Gold	random	low	0,6389497999916784	0	1	1	False	False	low
Laposka		73	female	20	implicit	1234	1	1	5	10	59,996676181530106	16,676273949599842	0,05679812183329974	Gold	pattern	high	0,5676396000053501	0	4	4	False	False	high
Laposka		73	female	20	implicit	1234	1	1	5	11	59,996676181530106	16,676273949599842	0,05679812183329974	Gold	random	high	0,47248930000932887	0	2	2	False	False	high
Laposka		73	female	20	implicit	1234	1	1	5	12	59,996676181530106	16,676273949599842	0,05679812183329974	Gold	pattern	high	0,5601003000047058	0	1	1	False	False	high
Laposka		73	female	20	implicit	1234	1	1	5	13	59,996676181530106	16,676273949599842	0,05679812183329974	Gold	random	high	1,3835872000054223	0	3	3	False	False	high
Laposka		73	female	20	implicit	1234	1	1	5	14	59,996676181530106	16,676273949599842	0,05679812183329974	Gold	pattern	high	0,5765067999891471	0	2	2	False	False	high
Laposka		73	female	20	implicit	1234	1	1	5	15	59,996676181530106	16,676273949599842	0,05679812183329974	Gold	random	low	0,6401839000027394	0	2	2	False	False	low
Laposka		73	female	20	implicit	1234	1	1	5	16	59,996676181530106	16,676273949599842	0,05679812183329974	Gold	pattern	high	0,5841362999926787	0	3	3	False	False	high
Laposka		73	female	20	implicit	1234	1	1	5	17	59,996676181530106	16,676273949599842	0,05679812183329974	Gold	random	low	0,9604889000038384	0	1	1	False	False	low
Laposka		73	female	20	implicit	1234	1	1	5	18	59,996676181530106	16,676273949599842	0,05679812183329974	Gold	pattern	high	0,5039902999997139	0	4	4	False	False	high
Laposka		73	female	20	implicit	1234	1	1	5	19	59,996676181530106	16,676273949599842	0,05679812183329974	Gold	random	high	0,4471302000019932	0	2	2	False	False	high
Laposka		73	female	20	implicit	1234	1	1	5	20	59,996676181530106	16,676273949599842	0,05679812183329974	Gold	pattern	high	0,5596852000016952	0	1	1	False	False	high
Laposka		73	female	20	implicit	1234	1	1	5	21	59,996676181530106	16,676273949599842	0,05679812183329974	Gold	random	high	0,47240829998918343	0	3	3	False	False	high
Laposka		73	female	20	implicit	1234	1	1	5	22	59,996676181530106	16,676273949599842	0,05679812183329974	Gold	pattern	high	0,5841502999974182	0	2	2	False	False	high
Laposka		73	female	20	implicit	1234	1	1	5	23	59,996676181530106	16,676273949599842	0,05679812183329974	Gold	random	high	0,6718033000070136	0	4	4	False	False	high
Laposka		73	female	20	implicit	1234	1	1	5	24	59,996676181530106	16,676273949599842	0,05679812183329974	Gold	pattern	high	0,5525928999995813	0	3	3	False	False	high
Laposka		73	female	20	implicit	1234	1	1	5	25	59,996676181530106	16,676273949599842	0,05679812183329974	Gold	random	low	0,6317947000061395	0	4	4	False	True	low
Laposka		73	female	20	implicit	1234	1	1	5	26	59,996676181530106	16,676273949599842	0,05679812183329974	Gold	pattern	high	0,5519929000001866	0	4	4	False	False	high
Laposka		73	female	20	implicit	1234	1	1	5	27	59,996676181530106	16,676273949599842	0,05679812183329974	Gold	random	high	0,576600000000326	0	1	1	False	False	high
Laposka		73	female	20	implicit	1234	1	1	5	28	59,996676181530106	16,676273949599842	0,05679812183329974	Gold	pattern	high	0,520364600000903	0	1	1	False	False	high
Laposka		73	female	20	implicit	1234	1	1	5	29	59,996676181530106	16,676273949599842	0,05679812183329974	Gold	random	high	0,5433076000044821	0	2	2	False	False	high
Laposka		73	female	20	implicit	1234	1	1	5	30	59,996676181530106	16,676273949599842	0,05679812183329974	Gold	pattern	high	0,4469941999996081	0	2	2	False	False	high
Laposka		73	female	20	implicit	1234	1	1	5	31	59,996676181530106	16,676273949599842	0,05679812183329974	Gold	random	low	0,5443939999968279	0	1	1	False	False	low
Laposka		73	female	20	implicit	1234	1	1	5	32	59,996676181530106	16,676273949599842	0,05679812183329974	Gold	pattern	high	0,6643646999873454	0	3	3	False	False	high
Laposka		73	female	20	implicit	1234	1	1	5	33	59,996676181530106	16,676273949599842	0,05679812183329974	Gold	random	low	0,4957935999991605	0	3	3	False	False	low
Laposka		73	female	20	implicit	1234	1	1	5	34	59,996676181530106	16,676273949599842	0,05679812183329974	Gold	pattern	high	0,4886673000000883	0	4	4	False	False	high
Laposka		73	female	20	implicit	1234	1	1	5	35	59,996676181530106	16,676273949599842	0,05679812183329974	Gold	random	low	0,560282799997367	0	2	2	False	False	low
Laposka		73	female	20	implicit	1234	1	1	5	36	59,996676181530106	16,676273949599842	0,05679812183329974	Gold	pattern	high	0,4799817000020994	0	1	1	False	False	high
Laposka		73	female	20	implicit	1234	1	1	5	37	59,996676181530106	16,676273949599842	0,05679812183329974	Gold	random	low	1,0326669000060065	0	1	1	False	False	low
Laposka		73	female	20	implicit	1234	1	1	5	38	59,996676181530106	16,676273949599842	0,05679812183329974	Gold	pattern	high	0,6802631000027759	0	2	2	False	False	high
Laposka		73	female	20	implicit	1234	1	1	5	39	59,996676181530106	16,676273949599842	0,05679812183329974	Gold	random	low	0,7755218000093009	0	1	1	False	True	low
Laposka		73	female	20	implicit	1234	1	1	5	40	59,996676181530106	16,676273949599842	0,05679812183329974	Gold	pattern	high	0,535286600003019	0	3	3	False	False	high
Laposka		73	female	20	implicit	1234	1	1	5	41	59,996676181530106	16,676273949599842	0,05679812183329974	Gold	random	high	0,584314000006998	1	2	3	False	False	high
Laposka		73	female	20	implicit	1234	1	1	5	42	59,996676181530106	16,676273949599842	0,05679812183329974	Gold	pattern	high	0,5916559999895981	0	4	4	False	False	high
Laposka		73	female	20	implicit	1234	1	1	5	43	59,996676181530106	16,676273949599842	0,05679812183329974	Gold	random	low	0,5447320999955991	0	1	1	False	False	low
Laposka		73	female	20	implicit	1234	1	1	5	44	59,996676181530106	16,676273949599842	0,05679812183329974	Gold	pattern	high	0,6483941999904346	0	1	1	False	False	high
Laposka		73	female	20	implicit	1234	1	1	5	45	59,996676181530106	16,676273949599842	0,05679812183329974	Gold	random	low	0,5520937999972375	0	4	4	False	False	low
Laposka		73	female	20	implicit	1234	1	1	5	46	59,996676181530106	16,676273949599842	0,05679812183329974	Gold	pattern	high	0,5285187999979826	0	2	2	False	False	high
Laposka		73	female	20	implicit	1234	1	1	5	47	59,996676181530106	16,676273949599842	0,05679812183329974	Gold	random	low	0,5843770000064978	0	3	3	False	False	low
Laposka		73	female	20	implicit	1234	1	1	5	48	59,996676181530106	16,676273949599842	0,05679812183329974	Gold	pattern	high	0,5194996000063838	0	3	3	False	False	high
Laposka		73	female	20	implicit	1234	1	1	5	49	59,996676181530106	16,676273949599842	0,05679812183329974	Gold	random	low	0,5526929999905406	0	3	3	True	False	low
Laposka		73	female	20	implicit	1234	1	1	5	50	59,996676181530106	16,676273949599842	0,05679812183329974	Gold	pattern	high	0,6804223000071943	0	4	4	False	False	high
Laposka		73	female	20	implicit	1234	1	1	5	51	59,996676181530106	16,676273949599842	0,05679812183329974	Gold	random	low	0,5596360000054119	0	3	3	False	True	low
Laposka		73	female	20	implicit	1234	1	1	5	52	59,996676181530106	16,676273949599842	0,05679812183329974	Gold	pattern	high	0,6085299999976996	0	1	1	False	False	high
Laposka		73	female	20	implicit	1234	1	1	5	53	59,996676181530106	16,676273949599842	0,05679812183329974	Gold	random	low	0,5763203999958932	0	3	3	False	True	low
Laposka		73	female	20	implicit	1234	1	1	5	54	59,996676181530106	16,676273949599842	0,05679812183329974	Gold	pattern	high	0,5272741000080714	0	2	2	False	False	high
Laposka		73	female	20	implicit	1234	1	1	5	55	59,996676181530106	16,676273949599842	0,05679812183329974	Gold	random	high	0,44768820000172127	0	4	4	False	False	high
Laposka		73	female	20	implicit	1234	1	1	5	56	59,996676181530106	16,676273949599842	0,05679812183329974	Gold	pattern	high	0,4726165000029141	0	3	3	False	False	high
Laposka		73	female	20	implicit	1234	1	1	5	57	59,996676181530106	16,676273949599842	0,05679812183329974	Gold	random	high	0,48847789999854285	0	1	1	False	False	high
Laposka		73	female	20	implicit	1234	1	1	5	58	59,996676181530106	16,676273949599842	0,05679812183329974	Gold	pattern	high	0,7196935000101803	0	4	4	False	False	high
Laposka		73	female	20	implicit	1234	1	1	5	59	59,996676181530106	16,676273949599842	0,05679812183329974	Gold	random	low	0,5286114000045927	0	3	3	False	False	low
Laposka		73	female	20	implicit	1234	1	1	5	60	59,996676181530106	16,676273949599842	0,05679812183329974	Gold	pattern	high	0,6885433999996167	0	1	1	False	False	high
Laposka		73	female	20	implicit	1234	1	1	5	61	59,996676181530106	16,676273949599842	0,05679812183329974	Gold	random	high	0,47955970000475645	0	4	4	False	False	high
Laposka		73	female	20	implicit	1234	1	1	5	62	59,996676181530106	16,676273949599842	0,05679812183329974	Gold	pattern	high	0,5989875999948708	0	2	2	False	False	high
Laposka		73	female	20	implicit	1234	1	1	5	63	59,996676181530106	16,676273949599842	0,05679812183329974	Gold	random	low	0,49685710000630934	0	4	4	False	True	low
Laposka		73	female	20	implicit	1234	1	1	5	64	59,996676181530106	16,676273949599842	0,05679812183329974	Gold	pattern	high	0,5521080000034999	0	3	3	False	False	high
Laposka		73	female	20	implicit	1234	1	1	5	65	59,996676181530106	16,676273949599842	0,05679812183329974	Gold	random	low	0,8952502999891294	0	2	2	False	False	low
Laposka		73	female	20	implicit	1234	1	1	5	66	59,996676181530106	16,676273949599842	0,05679812183329974	Gold	pattern	high	0,8007995000079973	0	4	4	False	False	high
Laposka		73	female	20	implicit	1234	1	1	5	67	59,996676181530106	16,676273949599842	0,05679812183329974	Gold	random	low	0,5840842000034172	0	4	4	False	False	low
Laposka		73	female	20	implicit	1234	1	1	5	68	59,996676181530106	16,676273949599842	0,05679812183329974	Gold	pattern	high	0,5518578999908641	0	1	1	False	False	high
Laposka		73	female	20	implicit	1234	1	1	5	69	59,996676181530106	16,676273949599842	0,05679812183329974	Gold	random	low	0,5606933999952162	0	2	2	False	False	low
Laposka		73	female	20	implicit	1234	1	1	5	70	59,996676181530106	16,676273949599842	0,05679812183329974	Gold	pattern	high	0,5682760000054259	0	2	2	False	False	high
Laposka		73	female	20	implicit	1234	1	1	5	71	59,996676181530106	16,676273949599842	0,05679812183329974	Gold	random	low	0,4719195000070613	0	4	4	False	False	low
Laposka		73	female	20	implicit	1234	1	1	5	72	59,996676181530106	16,676273949599842	0,05679812183329974	Gold	pattern	high	0,4716918999911286	0	3	3	False	False	high
Laposka		73	female	20	implicit	1234	1	1	5	73	59,996676181530106	16,676273949599842	0,05679812183329974	Gold	random	low	0,6730033999920124	0	4	4	False	True	low
Laposka		73	female	20	implicit	1234	1	1	5	74	59,996676181530106	16,676273949599842	0,05679812183329974	Gold	pattern	high	0,4795728000026429	0	4	4	False	False	high
Laposka		73	female	20	implicit	1234	1	1	5	75	59,996676181530106	16,676273949599842	0,05679812183329974	Gold	random	high	0,4876698000007309	0	1	1	False	False	high
Laposka		73	female	20	implicit	1234	1	1	5	76	59,996676181530106	16,676273949599842	0,05679812183329974	Gold	pattern	high	0,536671199995908	0	1	1	False	False	high
Laposka		73	female	20	implicit	1234	1	1	5	77	59,996676181530106	16,676273949599842	0,05679812183329974	Gold	random	low	0,5764109000010649	0	1	1	True	False	low
Laposka		73	female	20	implicit	1234	1	1	5	78	59,996676181530106	16,676273949599842	0,05679812183329974	Gold	pattern	high	0,6874844999983907	0	2	2	False	False	high
Laposka		73	female	20	implicit	1234	1	1	5	79	59,996676181530106	16,676273949599842	0,05679812183329974	Gold	random	low	0,7048824999947101	0	1	1	False	True	low
Laposka		73	female	20	implicit	1234	1	1	5	80	59,996676181530106	16,676273949599842	0,05679812183329974	Gold	pattern	high	1,1841385000006994	0	3	3	False	False	high
Laposka		73	female	20	implicit	1234	1	1	5	81	59,996676181530106	16,676273949599842	0,05679812183329974	Gold	random	low	1,0552258999960031	0	1	1	False	True	low
Laposka		73	female	20	implicit	1234	1	1	5	82	59,996676181530106	16,676273949599842	0,05679812183329974	Gold	pattern	high	0,5600269999995362	0	4	4	False	False	high
Laposka		73	female	20	implicit	1234	1	1	5	83	59,996676181530106	16,676273949599842	0,05679812183329974	Gold	random	low	0,44865659999777563	0	4	4	False	False	low
Laposka		73	female	20	implicit	1234	1	1	5	84	59,996676181530106	16,676273949599842	0,05679812183329974	Gold	pattern	high	0,4802077999920584	0	1	1	False	False	high
Laposka		73	female	20	implicit	1234	1	1	5	85	59,996676181530106	16,676273949599842	0,05679812183329974	Gold	random	low	0,6071260000026086	0	4	4	False	True	low
