computer_name	subject_group	subject_number	subject_sex	subject_age	asrt_type	PCode	session	epoch	block	trial	frame_rate	frame_time	frame_sd	stimulus_color	trial_type_pr	triplet_type_hl	RT	error	stimulus	response	repetition	trill
Laposka		37	female	20	noASRT	noPattern	1	1	1	1	59,96904397853061	16,67609831935554	0,2247697343366791	Gold	random	none	0,5567159999991418	0	4	4	none	none
Laposka		37	female	20	noASRT	noPattern	1	1	1	2	59,96904397853061	16,67609831935554	0,2247697343366791	Gold	random	none	0,44473009999637725	0	1	1	none	none
Laposka		37	female	20	noASRT	noPattern	1	1	1	3	59,96904397853061	16,67609831935554	0,2247697343366791	Gold	random	none	0,37288189999526367	0	3	3	False	False
Laposka		37	female	20	noASRT	noPattern	1	1	1	4	59,96904397853061	16,67609831935554	0,2247697343366791	Gold	random	none	0,31678480000118725	0	4	4	False	False
Laposka		37	female	20	noASRT	noPattern	1	1	1	5	59,96904397853061	16,67609831935554	0,2247697343366791	Gold	random	none	0,3964916999975685	0	1	1	False	False
Laposka		37	female	20	noASRT	noPattern	1	1	1	6	59,96904397853061	16,67609831935554	0,2247697343366791	Gold	random	none	0,2446600000039325	1	2	1	False	False
Laposka		37	female	20	noASRT	noPattern	1	1	1	7	59,96904397853061	16,67609831935554	0,2247697343366791	Gold	random	none	0,3728574999986449	0	1	1	False	True
Laposka		37	female	20	noASRT	noPattern	1	1	1	8	59,96904397853061	16,67609831935554	0,2247697343366791	Gold	random	none	0,37286390000372194	1	2	3	False	True
Laposka		37	female	20	noASRT	noPattern	1	1	1	9	59,96904397853061	16,67609831935554	0,2247697343366791	Gold	random	none	0,6127242000002298	0	2	2	False	False
Laposka		37	female	20	noASRT	noPattern	1	1	1	10	59,96904397853061	16,67609831935554	0,2247697343366791	Gold	random	none	0,3567719999991823	0	4	4	False	False
Laposka		37	female	20	noASRT	noPattern	1	1	1	11	59,96904397853061	16,67609831935554	0,2247697343366791	Gold	random	none	0,36476379999658093	0	3	3	False	False
Laposka		37	female	20	noASRT	noPattern	1	1	1	12	59,96904397853061	16,67609831935554	0,2247697343366791	Gold	random	none	0,2929069999954663	0	4	4	False	True
Laposka		37	female	20	noASRT	noPattern	1	1	1	13	59,96904397853061	16,67609831935554	0,2247697343366791	Gold	random	none	0,2929188999987673	0	4	4	False	False
Laposka		37	female	20	noASRT	noPattern	1	1	1	14	59,96904397853061	16,67609831935554	0,2247697343366791	Gold	random	none	0,47683730000426294	0	1	1	False	False
Laposka		37	female	20	noASRT	noPattern	1	1	1	15	59,96904397853061	16,67609831935554	0,2247697343366791	Gold	random	none	0,30893330000253627	0	2	2	False	False
Laposka		37	female	20	noASRT	noPattern	1	1	1	16	59,96904397853061	16,67609831935554	0,2247697343366791	Gold	random	none	0,28478529999847524	0	1	1	False	True
Laposka		37	female	20	noASRT	noPattern	1	1	1	17	59,96904397853061	16,67609831935554	0,2247697343366791	Gold	random	none	0,35671500000171363	0	4	4	False	False
Laposka		37	female	20	noASRT	noPattern	1	1	1	18	59,96904397853061	16,67609831935554	0,2247697343366791	Gold	random	none	0,3488407999975607	0	3	3	False	False
Laposka		37	female	20	noASRT	noPattern	1	1	1	19	59,96904397853061	16,67609831935554	0,2247697343366791	Gold	random	none	0,34090460000152234	0	3	3	False	False
Laposka		37	female	20	noASRT	noPattern	1	1	1	20	59,96904397853061	16,67609831935554	0,2247697343366791	Gold	random	none	0,34881160000077216	0	3	3	True	False
Laposka		37	female	20	noASRT	noPattern	1	1	1	21	59,96904397853061	16,67609831935554	0,2247697343366791	Gold	random	none	0,30885220000345726	0	4	4	False	False
Laposka		37	female	20	noASRT	noPattern	1	1	1	22	59,96904397853061	16,67609831935554	0,2247697343366791	Gold	random	none	0,3408917000051588	0	2	2	False	False
Laposka		37	female	20	noASRT	noPattern	1	1	1	23	59,96904397853061	16,67609831935554	0,2247697343366791	Gold	random	none	0,4367497999992338	0	3	3	False	False
Laposka		37	female	20	noASRT	noPattern	1	1	1	24	59,96904397853061	16,67609831935554	0,2247697343366791	Gold	random	none	0,46077430000150343	0	2	2	False	True
Laposka		37	female	20	noASRT	noPattern	1	1	1	25	59,96904397853061	16,67609831935554	0,2247697343366791	Gold	random	none	0,3728339000008418	0	1	1	False	False
Laposka		37	female	20	noASRT	noPattern	1	1	1	26	59,96904397853061	16,67609831935554	0,2247697343366791	Gold	random	none	0,40489460000389954	0	3	3	False	False
Laposka		37	female	20	noASRT	noPattern	1	1	1	27	59,96904397853061	16,67609831935554	0,2247697343366791	Gold	random	none	0,3726846999998088	0	3	3	False	False
Laposka		37	female	20	noASRT	noPattern	1	1	1	28	59,96904397853061	16,67609831935554	0,2247697343366791	Gold	random	none	0,3567817000002833	0	3	3	True	False
Laposka		37	female	20	noASRT	noPattern	1	1	1	29	59,96904397853061	16,67609831935554	0,2247697343366791	Gold	random	none	0,3729170999940834	0	2	2	False	False
Laposka		37	female	20	noASRT	noPattern	1	1	1	30	59,96904397853061	16,67609831935554	0,2247697343366791	Gold	random	none	0,27677769999718294	0	1	1	False	False
Laposka		37	female	20	noASRT	noPattern	1	1	1	31	59,96904397853061	16,67609831935554	0,2247697343366791	Gold	random	none	0,5328763999932562	0	1	1	False	False
Laposka		37	female	20	noASRT	noPattern	1	1	1	32	59,96904397853061	16,67609831935554	0,2247697343366791	Gold	random	none	0,33277970000199275	0	3	3	False	False
Laposka		37	female	20	noASRT	noPattern	1	1	1	33	59,96904397853061	16,67609831935554	0,2247697343366791	Gold	random	none	0,36496449999685865	0	1	1	False	True
Laposka		37	female	20	noASRT	noPattern	1	1	1	34	59,96904397853061	16,67609831935554	0,2247697343366791	Gold	random	none	0,31683979999797884	0	3	3	False	True
Laposka		37	female	20	noASRT	noPattern	1	1	1	35	59,96904397853061	16,67609831935554	0,2247697343366791	Gold	random	none	0,3728276999972877	0	4	4	False	False
Laposka		37	female	20	noASRT	noPattern	1	1	1	36	59,96904397853061	16,67609831935554	0,2247697343366791	Gold	random	none	0,2608282999935909	0	4	4	False	False
Laposka		37	female	20	noASRT	noPattern	1	1	1	37	59,96904397853061	16,67609831935554	0,2247697343366791	Gold	random	none	0,30090510000445647	0	2	2	False	False
Laposka		37	female	20	noASRT	noPattern	1	1	1	38	59,96904397853061	16,67609831935554	0,2247697343366791	Gold	random	none	0,3808134999999311	0	3	3	False	False
Laposka		37	female	20	noASRT	noPattern	1	1	1	39	59,96904397853061	16,67609831935554	0,2247697343366791	Gold	random	none	0,3008823999989545	0	4	4	False	False
Laposka		37	female	20	noASRT	noPattern	1	1	1	40	59,96904397853061	16,67609831935554	0,2247697343366791	Gold	random	none	0,2609267000007094	0	4	4	False	False
Laposka		37	female	20	noASRT	noPattern	1	1	1	41	59,96904397853061	16,67609831935554	0,2247697343366791	Gold	random	none	0,35684760000003735	0	4	4	True	False
Laposka		37	female	20	noASRT	noPattern	1	1	1	42	59,96904397853061	16,67609831935554	0,2247697343366791	Gold	random	none	0,40488039999763714	0	3	3	False	False
Laposka		37	female	20	noASRT	noPattern	1	1	1	43	59,96904397853061	16,67609831935554	0,2247697343366791	Gold	random	none	0,28489799999806564	0	2	2	False	False
Laposka		37	female	20	noASRT	noPattern	1	1	1	44	59,96904397853061	16,67609831935554	0,2247697343366791	Gold	random	none	0,2608451999985846	0	2	2	False	False
Laposka		37	female	20	noASRT	noPattern	1	1	1	45	59,96904397853061	16,67609831935554	0,2247697343366791	Gold	random	none	0,4128515999982483	0	4	4	False	False
Laposka		37	female	20	noASRT	noPattern	1	1	1	46	59,96904397853061	16,67609831935554	0,2247697343366791	Gold	random	none	0,4047816000020248	0	2	2	False	True
Laposka		37	female	20	noASRT	noPattern	1	1	1	47	59,96904397853061	16,67609831935554	0,2247697343366791	Gold	random	none	0,33285130000149366	0	3	3	False	False
Laposka		37	female	20	noASRT	noPattern	1	1	1	48	59,96904397853061	16,67609831935554	0,2247697343366791	Gold	random	none	0,32460680000076536	0	4	4	False	False
Laposka		37	female	20	noASRT	noPattern	1	1	1	49	59,96904397853061	16,67609831935554	0,2247697343366791	Gold	random	none	0,4528435000029276	0	4	4	False	False
Laposka		37	female	20	noASRT	noPattern	1	1	1	50	59,96904397853061	16,67609831935554	0,2247697343366791	Gold	random	none	0,36491779999778373	0	2	2	False	False
Laposka		37	female	20	noASRT	noPattern	1	1	1	51	59,96904397853061	16,67609831935554	0,2247697343366791	Gold	random	none	0,31681920000119135	0	2	2	False	False
Laposka		37	female	20	noASRT	noPattern	1	1	1	52	59,96904397853061	16,67609831935554	0,2247697343366791	Gold	random	none	0,4768521000005421	0	3	3	False	False
Laposka		37	female	20	noASRT	noPattern	1	1	1	53	59,96904397853061	16,67609831935554	0,2247697343366791	Gold	random	none	0,4608124000005773	0	1	1	False	False
Laposka		37	female	20	noASRT	noPattern	1	1	1	54	59,96904397853061	16,67609831935554	0,2247697343366791	Gold	random	none	0,20478539999749046	1	2	1	False	False
Laposka		37	female	20	noASRT	noPattern	1	1	1	55	59,96904397853061	16,67609831935554	0,2247697343366791	Gold	random	none	0,3809209000028204	0	4	4	False	False
Laposka		37	female	20	noASRT	noPattern	1	1	1	56	59,96904397853061	16,67609831935554	0,2247697343366791	Gold	random	none	0,4207611000019824	0	2	2	False	True
Laposka		37	female	20	noASRT	noPattern	1	1	1	57	59,96904397853061	16,67609831935554	0,2247697343366791	Gold	random	none	0,48491599999397295	0	1	1	False	False
Laposka		37	female	20	noASRT	noPattern	1	1	1	58	59,96904397853061	16,67609831935554	0,2247697343366791	Gold	random	none	0,388756000000285	0	4	4	False	False
Laposka		37	female	20	noASRT	noPattern	1	1	1	59	59,96904397853061	16,67609831935554	0,2247697343366791	Gold	random	none	0,31692289999773493	0	4	4	False	False
Laposka		37	female	20	noASRT	noPattern	1	1	1	60	59,96904397853061	16,67609831935554	0,2247697343366791	Gold	random	none	0,3329015999988769	0	4	4	True	False
Laposka		37	female	20	noASRT	noPattern	1	1	1	61	59,96904397853061	16,67609831935554	0,2247697343366791	Gold	random	none	0,4289255999974557	0	3	3	False	False
Laposka		37	female	20	noASRT	noPattern	1	1	1	62	59,96904397853061	16,67609831935554	0,2247697343366791	Gold	random	none	0,31684360000508605	0	2	2	False	False
Laposka		37	female	20	noASRT	noPattern	1	1	1	63	59,96904397853061	16,67609831935554	0,2247697343366791	Gold	random	none	0,4368557999987388	0	3	3	False	True
Laposka		37	female	20	noASRT	noPattern	1	1	1	64	59,96904397853061	16,67609831935554	0,2247697343366791	Gold	random	none	0,5008780999996816	0	1	1	False	False
Laposka		37	female	20	noASRT	noPattern	1	1	1	65	59,96904397853061	16,67609831935554	0,2247697343366791	Gold	random	none	0,2687039999946137	0	1	1	False	False
Laposka		37	female	20	noASRT	noPattern	1	1	1	66	59,96904397853061	16,67609831935554	0,2247697343366791	Gold	random	none	0,22890190000180155	0	1	1	True	False
Laposka		37	female	20	noASRT	noPattern	1	1	1	67	59,96904397853061	16,67609831935554	0,2247697343366791	Gold	random	none	0,32484649999969406	0	3	3	False	False
Laposka		37	female	20	noASRT	noPattern	1	1	1	68	59,96904397853061	16,67609831935554	0,2247697343366791	Gold	random	none	0,3088324999989709	0	4	4	False	False
Laposka		37	female	20	noASRT	noPattern	1	1	1	69	59,96904397853061	16,67609831935554	0,2247697343366791	Gold	random	none	0,40487710000161314	0	1	1	False	False
Laposka		37	female	20	noASRT	noPattern	1	1	1	70	59,96904397853061	16,67609831935554	0,2247697343366791	Gold	random	none	0,3489131999958772	0	2	2	False	False
Laposka		37	female	20	noASRT	noPattern	1	1	1	71	59,96904397853061	16,67609831935554	0,2247697343366791	Gold	random	none	0,30886309999914374	0	2	2	False	False
Laposka		37	female	20	noASRT	noPattern	1	1	1	72	59,96904397853061	16,67609831935554	0,2247697343366791	Gold	random	none	0,38085989999672165	0	2	2	True	False
Laposka		37	female	20	noASRT	noPattern	1	1	1	73	59,96904397853061	16,67609831935554	0,2247697343366791	Gold	random	none	0,1808508999965852	0	2	2	True	False
Laposka		37	female	20	noASRT	noPattern	1	1	1	74	59,96904397853061	16,67609831935554	0,2247697343366791	Gold	random	none	0,3728687999973772	0	3	3	False	False
Laposka		37	female	20	noASRT	noPattern	1	1	1	75	59,96904397853061	16,67609831935554	0,2247697343366791	Gold	random	none	0,38090469999588095	0	1	1	False	False
Laposka		37	female	20	noASRT	noPattern	1	1	1	76	59,96904397853061	16,67609831935554	0,2247697343366791	Gold	random	none	0,37283360000583343	0	3	3	False	True
Laposka		37	female	20	noASRT	noPattern	1	1	1	77	59,96904397853061	16,67609831935554	0,2247697343366791	Gold	random	none	0,3088502999962657	0	3	3	False	False
Laposka		37	female	20	noASRT	noPattern	1	1	1	78	59,96904397853061	16,67609831935554	0,2247697343366791	Gold	random	none	0,3326831000013044	0	1	1	False	False
Laposka		37	female	20	noASRT	noPattern	1	1	1	79	59,96904397853061	16,67609831935554	0,2247697343366791	Gold	random	none	0,3648908999966807	0	3	3	False	True
Laposka		37	female	20	noASRT	noPattern	1	1	1	80	59,96904397853061	16,67609831935554	0,2247697343366791	Gold	random	none	0,4448329000006197	1	3	1	False	False
Laposka		37	female	20	noASRT	noPattern	1	1	1	81	59,96904397853061	16,67609831935554	0,2247697343366791	Gold	random	none	0,4768164000051911	0	4	4	False	False
Laposka		37	female	20	noASRT	noPattern	1	1	1	82	59,96904397853061	16,67609831935554	0,2247697343366791	Gold	random	none	0,276828399997612	0	4	4	False	False
Laposka		37	female	20	noASRT	noPattern	1	1	1	83	59,96904397853061	16,67609831935554	0,2247697343366791	Gold	random	none	0,4687978000001749	0	3	3	False	False
Laposka		37	female	20	noASRT	noPattern	1	1	1	84	59,96904397853061	16,67609831935554	0,2247697343366791	Gold	random	none	0,4528673000022536	0	4	4	False	True
Laposka		37	female	20	noASRT	noPattern	1	1	1	85	59,96904397853061	16,67609831935554	0,2247697343366791	Gold	random	none	0,3328375999990385	0	2	2	False	False
Laposka		37	female	20	noASRT	noPattern	1	1	2	1	59,96904397853061	16,67609831935554	0,2247697343366791	Gold	random	none	0,5927886999998009	0	4	4	none	none
Laposka		37	female	20	noASRT	noPattern	1	1	2	2	59,96904397853061	16,67609831935554	0,2247697343366791	Gold	random	none	0,2528491999983089	0	4	4	none	none
Laposka		37	female	20	noASRT	noPattern	1	1	2	3	59,96904397853061	16,67609831935554	0,2247697343366791	Gold	random	none	0,3968810999940615	0	1	1	False	False
Laposka		37	female	20	noASRT	noPattern	1	1	2	4	59,96904397853061	16,67609831935554	0,2247697343366791	Gold	random	none	0,34087739999813493	1	4	3	False	True
Laposka		37	female	20	noASRT	noPattern	1	1	2	5	59,96904397853061	16,67609831935554	0,2247697343366791	Gold	random	none	0,4288620999941486	0	3	3	False	False
Laposka		37	female	20	noASRT	noPattern	1	1	2	6	59,96904397853061	16,67609831935554	0,2247697343366791	Gold	random	none	0,44474520000221673	0	1	1	False	False
Laposka		37	female	20	noASRT	noPattern	1	1	2	7	59,96904397853061	16,67609831935554	0,2247697343366791	Gold	random	none	0,38883309999800986	0	4	4	False	False
Laposka		37	female	20	noASRT	noPattern	1	1	2	8	59,96904397853061	16,67609831935554	0,2247697343366791	Gold	random	none	0,3647389999969164	0	2	2	False	False
Laposka		37	female	20	noASRT	noPattern	1	1	2	9	59,96904397853061	16,67609831935554	0,2247697343366791	Gold	random	none	0,2848671000028844	0	3	3	False	False
Laposka		37	female	20	noASRT	noPattern	1	1	2	10	59,96904397853061	16,67609831935554	0,2247697343366791	Gold	random	none	0,33283469999878434	0	2	2	False	True
Laposka		37	female	20	noASRT	noPattern	1	1	2	11	59,96904397853061	16,67609831935554	0,2247697343366791	Gold	random	none	0,23686379999708151	1	4	3	False	False
Laposka		37	female	20	noASRT	noPattern	1	1	2	12	59,96904397853061	16,67609831935554	0,2247697343366791	Gold	random	none	0,29281349999655504	0	4	4	False	False
Laposka		37	female	20	noASRT	noPattern	1	1	2	13	59,96904397853061	16,67609831935554	0,2247697343366791	Gold	random	none	0,30878259999735747	0	2	2	False	False
Laposka		37	female	20	noASRT	noPattern	1	1	2	14	59,96904397853061	16,67609831935554	0,2247697343366791	Gold	random	none	0,27683340000658063	0	2	2	False	False
Laposka		37	female	20	noASRT	noPattern	1	1	2	15	59,96904397853061	16,67609831935554	0,2247697343366791	Gold	random	none	0,30884160000277916	0	4	4	False	False
Laposka		37	female	20	noASRT	noPattern	1	1	2	16	59,96904397853061	16,67609831935554	0,2247697343366791	Gold	random	none	0,2768775000004098	1	2	1	False	True
Laposka		37	female	20	noASRT	noPattern	1	1	2	17	59,96904397853061	16,67609831935554	0,2247697343366791	Gold	random	none	0,332817000002251	0	1	1	False	False
Laposka		37	female	20	noASRT	noPattern	1	1	2	18	59,96904397853061	16,67609831935554	0,2247697343366791	Gold	random	none	0,23694399999658344	0	1	1	False	False
Laposka		37	female	20	noASRT	noPattern	1	1	2	19	59,96904397853061	16,67609831935554	0,2247697343366791	Gold	random	none	0,4368261999989045	0	2	2	False	False
Laposka		37	female	20	noASRT	noPattern	1	1	2	20	59,96904397853061	16,67609831935554	0,2247697343366791	Gold	random	none	0,34092499999678694	0	4	4	False	False
Laposka		37	female	20	noASRT	noPattern	1	1	2	21	59,96904397853061	16,67609831935554	0,2247697343366791	Gold	random	none	0,3248587999987649	0	2	2	False	True
Laposka		37	female	20	noASRT	noPattern	1	1	2	22	59,96904397853061	16,67609831935554	0,2247697343366791	Gold	random	none	0,260886500000197	0	4	4	False	True
Laposka		37	female	20	noASRT	noPattern	1	1	2	23	59,96904397853061	16,67609831935554	0,2247697343366791	Gold	random	none	0,40483559999847785	0	3	3	False	False
Laposka		37	female	20	noASRT	noPattern	1	1	2	24	59,96904397853061	16,67609831935554	0,2247697343366791	Gold	random	none	0,3087407999992138	0	2	2	False	False
Laposka		37	female	20	noASRT	noPattern	1	1	2	25	59,96904397853061	16,67609831935554	0,2247697343366791	Gold	random	none	0,3167410000023665	0	4	4	False	False
Laposka		37	female	20	noASRT	noPattern	1	1	2	26	59,96904397853061	16,67609831935554	0,2247697343366791	Gold	random	none	0,4368737999975565	0	1	1	False	False
Laposka		37	female	20	noASRT	noPattern	1	1	2	27	59,96904397853061	16,67609831935554	0,2247697343366791	Gold	random	none	0,34087839999847347	0	2	2	False	False
Laposka		37	female	20	noASRT	noPattern	1	1	2	28	59,96904397853061	16,67609831935554	0,2247697343366791	Gold	random	none	0,24488510000082897	0	4	4	False	False
Laposka		37	female	20	noASRT	noPattern	1	1	2	29	59,96904397853061	16,67609831935554	0,2247697343366791	Gold	random	none	0,3328594999984489	0	1	1	False	False
Laposka		37	female	20	noASRT	noPattern	1	1	2	30	59,96904397853061	16,67609831935554	0,2247697343366791	Gold	random	none	0,404880600006436	0	4	4	False	True
Laposka		37	female	20	noASRT	noPattern	1	1	2	31	59,96904397853061	16,67609831935554	0,2247697343366791	Gold	random	none	0,2608103000020492	0	4	4	False	False
Laposka		37	female	20	noASRT	noPattern	1	1	2	32	59,96904397853061	16,67609831935554	0,2247697343366791	Gold	random	none	0,2128722999987076	0	4	4	True	False
Laposka		37	female	20	noASRT	noPattern	1	1	2	33	59,96904397853061	16,67609831935554	0,2247697343366791	Gold	random	none	0,2128764000008232	1	3	4	False	False
Laposka		37	female	20	noASRT	noPattern	1	1	2	34	59,96904397853061	16,67609831935554	0,2247697343366791	Gold	random	none	0,36497159999998985	0	3	3	False	False
Laposka		37	female	20	noASRT	noPattern	1	1	2	35	59,96904397853061	16,67609831935554	0,2247697343366791	Gold	random	none	0,36479099999996834	0	2	2	False	False
Laposka		37	female	20	noASRT	noPattern	1	1	2	36	59,96904397853061	16,67609831935554	0,2247697343366791	Gold	random	none	0,20478600000205915	1	3	2	False	True
Laposka		37	female	20	noASRT	noPattern	1	1	2	37	59,96904397853061	16,67609831935554	0,2247697343366791	Gold	random	none	0,4688814999972237	0	2	2	False	True
Laposka		37	female	20	noASRT	noPattern	1	1	2	38	59,96904397853061	16,67609831935554	0,2247697343366791	Gold	random	none	0,3568864999979269	0	4	4	False	False
Laposka		37	female	20	noASRT	noPattern	1	1	2	39	59,96904397853061	16,67609831935554	0,2247697343366791	Gold	random	none	0,21286089999921387	0	4	4	False	False
Laposka		37	female	20	noASRT	noPattern	1	1	2	40	59,96904397853061	16,67609831935554	0,2247697343366791	Gold	random	none	0,3088288999933866	0	1	1	False	False
Laposka		37	female	20	noASRT	noPattern	1	1	2	41	59,96904397853061	16,67609831935554	0,2247697343366791	Gold	random	none	0,36471370000072056	0	3	3	False	False
Laposka		37	female	20	noASRT	noPattern	1	1	2	42	59,96904397853061	16,67609831935554	0,2247697343366791	Gold	random	none	0,40495329999976093	0	1	1	False	True
Laposka		37	female	20	noASRT	noPattern	1	1	2	43	59,96904397853061	16,67609831935554	0,2247697343366791	Gold	random	none	0,38091110000095796	0	1	1	False	False
Laposka		37	female	20	noASRT	noPattern	1	1	2	44	59,96904397853061	16,67609831935554	0,2247697343366791	Gold	random	none	0,3886895000032382	0	3	3	False	False
Laposka		37	female	20	noASRT	noPattern	1	1	2	45	59,96904397853061	16,67609831935554	0,2247697343366791	Gold	random	none	0,3729225999995833	0	2	2	False	False
Laposka		37	female	20	noASRT	noPattern	1	1	2	46	59,96904397853061	16,67609831935554	0,2247697343366791	Gold	random	none	0,18873639999947045	1	2	3	False	False
Laposka		37	female	20	noASRT	noPattern	1	1	2	47	59,96904397853061	16,67609831935554	0,2247697343366791	Gold	random	none	0,3087844000037876	0	4	4	False	False
Laposka		37	female	20	noASRT	noPattern	1	1	2	48	59,96904397853061	16,67609831935554	0,2247697343366791	Gold	random	none	0,2528134999956819	0	4	4	False	False
Laposka		37	female	20	noASRT	noPattern	1	1	2	49	59,96904397853061	16,67609831935554	0,2247697343366791	Gold	random	none	0,3328481999997166	1	3	2	False	False
Laposka		37	female	20	noASRT	noPattern	1	1	2	50	59,96904397853061	16,67609831935554	0,2247697343366791	Gold	random	none	0,532964300000458	0	1	1	False	False
Laposka		37	female	20	noASRT	noPattern	1	1	2	51	59,96904397853061	16,67609831935554	0,2247697343366791	Gold	random	none	0,2366803999975673	1	4	1	False	False
Laposka		37	female	20	noASRT	noPattern	1	1	2	52	59,96904397853061	16,67609831935554	0,2247697343366791	Gold	random	none	0,5808483000000706	0	3	3	False	False
Laposka		37	female	20	noASRT	noPattern	1	1	2	53	59,96904397853061	16,67609831935554	0,2247697343366791	Gold	random	none	0,32479939999757335	0	3	3	False	False
Laposka		37	female	20	noASRT	noPattern	1	1	2	54	59,96904397853061	16,67609831935554	0,2247697343366791	Gold	random	none	0,3569158000027528	0	4	4	False	False
Laposka		37	female	20	noASRT	noPattern	1	1	2	55	59,96904397853061	16,67609831935554	0,2247697343366791	Gold	random	none	0,42882519999693613	0	3	3	False	True
Laposka		37	female	20	noASRT	noPattern	1	1	2	56	59,96904397853061	16,67609831935554	0,2247697343366791	Gold	random	none	0,26883120000275085	0	3	3	False	False
Laposka		37	female	20	noASRT	noPattern	1	1	2	57	59,96904397853061	16,67609831935554	0,2247697343366791	Gold	random	none	0,3088060000009136	0	4	4	False	False
Laposka		37	female	20	noASRT	noPattern	1	1	2	58	59,96904397853061	16,67609831935554	0,2247697343366791	Gold	random	none	0,4048003000061726	0	1	1	False	False
Laposka		37	female	20	noASRT	noPattern	1	1	2	59	59,96904397853061	16,67609831935554	0,2247697343366791	Gold	random	none	0,37297079999552807	0	2	2	False	False
Laposka		37	female	20	noASRT	noPattern	1	1	2	60	59,96904397853061	16,67609831935554	0,2247697343366791	Gold	random	none	0,3489004000002751	0	4	4	False	False
Laposka		37	female	20	noASRT	noPattern	1	1	2	61	59,96904397853061	16,67609831935554	0,2247697343366791	Gold	random	none	0,3966863000023295	0	3	3	False	False
Laposka		37	female	20	noASRT	noPattern	1	1	2	62	59,96904397853061	16,67609831935554	0,2247697343366791	Gold	random	none	0,34870349999982864	0	3	3	False	False
Laposka		37	female	20	noASRT	noPattern	1	1	2	63	59,96904397853061	16,67609831935554	0,2247697343366791	Gold	random	none	0,3488221000006888	0	2	2	False	False
Laposka		37	female	20	noASRT	noPattern	1	1	2	64	59,96904397853061	16,67609831935554	0,2247697343366791	Gold	random	none	0,3088440999999875	0	1	1	False	False
Laposka		37	female	20	noASRT	noPattern	1	1	2	65	59,96904397853061	16,67609831935554	0,2247697343366791	Gold	random	none	0,31697580000036396	0	1	1	False	False
Laposka		37	female	20	noASRT	noPattern	1	1	2	66	59,96904397853061	16,67609831935554	0,2247697343366791	Gold	random	none	0,27686109999922337	1	3	4	False	False
Laposka		37	female	20	noASRT	noPattern	1	1	2	67	59,96904397853061	16,67609831935554	0,2247697343366791	Gold	random	none	0,4438984000007622	0	1	1	False	True
Laposka		37	female	20	noASRT	noPattern	1	1	2	68	59,96904397853061	16,67609831935554	0,2247697343366791	Gold	random	none	0,37279510000371374	0	3	3	False	True
Laposka		37	female	20	noASRT	noPattern	1	1	2	69	59,96904397853061	16,67609831935554	0,2247697343366791	Gold	random	none	0,3248795000035898	0	3	3	False	False
Laposka		37	female	20	noASRT	noPattern	1	1	2	70	59,96904397853061	16,67609831935554	0,2247697343366791	Gold	random	none	0,3648568999997224	0	1	1	False	False
Laposka		37	female	20	noASRT	noPattern	1	1	2	71	59,96904397853061	16,67609831935554	0,2247697343366791	Gold	random	none	0,3728966999988188	0	2	2	False	False
Laposka		37	female	20	noASRT	noPattern	1	1	2	72	59,96904397853061	16,67609831935554	0,2247697343366791	Gold	random	none	0,2527671999996528	0	2	2	False	False
Laposka		37	female	20	noASRT	noPattern	1	1	2	73	59,96904397853061	16,67609831935554	0,2247697343366791	Gold	random	none	0,30084960000385763	0	4	4	False	False
Laposka		37	female	20	noASRT	noPattern	1	1	2	74	59,96904397853061	16,67609831935554	0,2247697343366791	Gold	random	none	0,3568546000024071	0	1	1	False	False
Laposka		37	female	20	noASRT	noPattern	1	1	2	75	59,96904397853061	16,67609831935554	0,2247697343366791	Gold	random	none	0,3168052000037278	0	2	2	False	False
Laposka		37	female	20	noASRT	noPattern	1	1	2	76	59,96904397853061	16,67609831935554	0,2247697343366791	Gold	random	none	0,2209015000044019	1	1	2	False	True
Laposka		37	female	20	noASRT	noPattern	1	1	2	77	59,96904397853061	16,67609831935554	0,2247697343366791	Gold	random	none	0,4049416999987443	0	2	2	False	True
Laposka		37	female	20	noASRT	noPattern	1	1	2	78	59,96904397853061	16,67609831935554	0,2247697343366791	Gold	random	none	0,3647577000010642	0	4	4	False	False
Laposka		37	female	20	noASRT	noPattern	1	1	2	79	59,96904397853061	16,67609831935554	0,2247697343366791	Gold	random	none	0,3568717999951332	0	2	2	False	True
Laposka		37	female	20	noASRT	noPattern	1	1	2	80	59,96904397853061	16,67609831935554	0,2247697343366791	Gold	random	none	0,3889142999978503	0	2	2	False	False
Laposka		37	female	20	noASRT	noPattern	1	1	2	81	59,96904397853061	16,67609831935554	0,2247697343366791	Gold	random	none	0,2928791000013007	0	1	1	False	False
Laposka		37	female	20	noASRT	noPattern	1	1	2	82	59,96904397853061	16,67609831935554	0,2247697343366791	Gold	random	none	0,3728066999974544	0	4	4	False	False
Laposka		37	female	20	noASRT	noPattern	1	1	2	83	59,96904397853061	16,67609831935554	0,2247697343366791	Gold	random	none	0,3488777999955346	1	1	2	False	True
Laposka		37	female	20	noASRT	noPattern	1	1	2	84	59,96904397853061	16,67609831935554	0,2247697343366791	Gold	random	none	0,42095680000056745	0	2	2	False	False
Laposka		37	female	20	noASRT	noPattern	1	1	2	85	59,96904397853061	16,67609831935554	0,2247697343366791	Gold	random	none	0,26085929999680957	0	2	2	False	False
Laposka		37	female	20	noASRT	noPattern	1	1	3	1	59,96904397853061	16,67609831935554	0,2247697343366791	Gold	random	none	0,5364921000000322	0	1	1	none	none
Laposka		37	female	20	noASRT	noPattern	1	1	3	2	59,96904397853061	16,67609831935554	0,2247697343366791	Gold	random	none	0,43663930000184337	0	3	3	none	none
Laposka		37	female	20	noASRT	noPattern	1	1	3	3	59,96904397853061	16,67609831935554	0,2247697343366791	Gold	random	none	0,3327253000024939	0	4	4	False	False
Laposka		37	female	20	noASRT	noPattern	1	1	3	4	59,96904397853061	16,67609831935554	0,2247697343366791	Gold	random	none	0,3328364999979385	0	2	2	False	False
Laposka		37	female	20	noASRT	noPattern	1	1	3	5	59,96904397853061	16,67609831935554	0,2247697343366791	Gold	random	none	0,31678850000025705	0	4	4	False	True
Laposka		37	female	20	noASRT	noPattern	1	1	3	6	59,96904397853061	16,67609831935554	0,2247697343366791	Gold	random	none	0,4048065000024508	0	1	1	False	False
Laposka		37	female	20	noASRT	noPattern	1	1	3	7	59,96904397853061	16,67609831935554	0,2247697343366791	Gold	random	none	0,3648883999994723	0	2	2	False	False
Laposka		37	female	20	noASRT	noPattern	1	1	3	8	59,96904397853061	16,67609831935554	0,2247697343366791	Gold	random	none	0,30086450000089826	0	3	3	False	False
Laposka		37	female	20	noASRT	noPattern	1	1	3	9	59,96904397853061	16,67609831935554	0,2247697343366791	Gold	random	none	0,28481620000093244	0	3	3	False	False
Laposka		37	female	20	noASRT	noPattern	1	1	3	10	59,96904397853061	16,67609831935554	0,2247697343366791	Gold	random	none	0,3328752999950666	0	4	4	False	False
Laposka		37	female	20	noASRT	noPattern	1	1	3	11	59,96904397853061	16,67609831935554	0,2247697343366791	Gold	random	none	0,24483519999921555	0	4	4	False	False
Laposka		37	female	20	noASRT	noPattern	1	1	3	12	59,96904397853061	16,67609831935554	0,2247697343366791	Gold	random	none	0,36479490000056103	0	3	3	False	False
Laposka		37	female	20	noASRT	noPattern	1	1	3	13	59,96904397853061	16,67609831935554	0,2247697343366791	Gold	random	none	0,35693560000072466	0	1	1	False	False
Laposka		37	female	20	noASRT	noPattern	1	1	3	14	59,96904397853061	16,67609831935554	0,2247697343366791	Gold	random	none	0,26088999999774387	0	1	1	False	False
Laposka		37	female	20	noASRT	noPattern	1	1	3	15	59,96904397853061	16,67609831935554	0,2247697343366791	Gold	random	none	0,3323601000010967	0	3	3	False	False
Laposka		37	female	20	noASRT	noPattern	1	1	3	16	59,96904397853061	16,67609831935554	0,2247697343366791	Gold	random	none	0,23676749999867752	0	3	3	False	False
Laposka		37	female	20	noASRT	noPattern	1	1	3	17	59,96904397853061	16,67609831935554	0,2247697343366791	Gold	random	none	0,36485540000285255	0	1	1	False	False
Laposka		37	female	20	noASRT	noPattern	1	1	3	18	59,96904397853061	16,67609831935554	0,2247697343366791	Gold	random	none	0,27681489999667974	0	3	3	False	True
Laposka		37	female	20	noASRT	noPattern	1	1	3	19	59,96904397853061	16,67609831935554	0,2247697343366791	Gold	random	none	0,3008604000060586	0	2	2	False	False
Laposka		37	female	20	noASRT	noPattern	1	1	3	20	59,96904397853061	16,67609831935554	0,2247697343366791	Gold	random	none	0,2529136000011931	1	1	2	False	False
Laposka		37	female	20	noASRT	noPattern	1	1	3	21	59,96904397853061	16,67609831935554	0,2247697343366791	Gold	random	none	0,36493160000100033	0	1	1	False	False
Laposka		37	female	20	noASRT	noPattern	1	1	3	22	59,96904397853061	16,67609831935554	0,2247697343366791	Gold	random	none	0,20484030000079656	0	1	1	True	False
Laposka		37	female	20	noASRT	noPattern	1	1	3	23	59,96904397853061	16,67609831935554	0,2247697343366791	Gold	random	none	0,39749899999878835	0	4	4	False	False
Laposka		37	female	20	noASRT	noPattern	1	1	3	24	59,96904397853061	16,67609831935554	0,2247697343366791	Gold	random	none	0,25209880000329576	0	4	4	False	False
Laposka		37	female	20	noASRT	noPattern	1	1	3	25	59,96904397853061	16,67609831935554	0,2247697343366791	Gold	random	none	0,34103009999671485	0	3	3	False	False
Laposka		37	female	20	noASRT	noPattern	1	1	3	26	59,96904397853061	16,67609831935554	0,2247697343366791	Gold	random	none	0,24479839999548858	0	3	3	False	False
Laposka		37	female	20	noASRT	noPattern	1	1	3	27	59,96904397853061	16,67609831935554	0,2247697343366791	Gold	random	none	0,4051854999997886	0	2	2	False	False
Laposka		37	female	20	noASRT	noPattern	1	1	3	28	59,96904397853061	16,67609831935554	0,2247697343366791	Gold	random	none	0,22846279999794206	1	4	2	False	False
Laposka		37	female	20	noASRT	noPattern	1	1	3	29	59,96904397853061	16,67609831935554	0,2247697343366791	Gold	random	none	0,4448938999994425	0	3	3	False	False
Laposka		37	female	20	noASRT	noPattern	1	1	3	30	59,96904397853061	16,67609831935554	0,2247697343366791	Gold	random	none	0,316870899994683	0	4	4	False	True
Laposka		37	female	20	noASRT	noPattern	1	1	3	31	59,96904397853061	16,67609831935554	0,2247697343366791	Gold	random	none	0,3808673999956227	0	1	1	False	False
Laposka		37	female	20	noASRT	noPattern	1	1	3	32	59,96904397853061	16,67609831935554	0,2247697343366791	Gold	random	none	0,47684319999825675	0	4	4	False	True
Laposka		37	female	20	noASRT	noPattern	1	1	3	33	59,96904397853061	16,67609831935554	0,2247697343366791	Gold	random	none	0,30880070000421256	0	4	4	False	False
Laposka		37	female	20	noASRT	noPattern	1	1	3	34	59,96904397853061	16,67609831935554	0,2247697343366791	Gold	random	none	0,25274260000151116	1	3	4	False	False
Laposka		37	female	20	noASRT	noPattern	1	1	3	35	59,96904397853061	16,67609831935554	0,2247697343366791	Gold	random	none	0,38874130000476725	0	4	4	False	True
Laposka		37	female	20	noASRT	noPattern	1	1	3	36	59,96904397853061	16,67609831935554	0,2247697343366791	Gold	random	none	0,3729202999966219	0	3	3	False	True
Laposka		37	female	20	noASRT	noPattern	1	1	3	37	59,96904397853061	16,67609831935554	0,2247697343366791	Gold	random	none	0,24480239999684272	1	3	4	False	False
Laposka		37	female	20	noASRT	noPattern	1	1	3	38	59,96904397853061	16,67609831935554	0,2247697343366791	Gold	random	none	0,38078500000119675	0	2	2	False	False
Laposka		37	female	20	noASRT	noPattern	1	1	3	39	59,96904397853061	16,67609831935554	0,2247697343366791	Gold	random	none	0,2929188999987673	0	2	2	False	False
Laposka		37	female	20	noASRT	noPattern	1	1	3	40	59,96904397853061	16,67609831935554	0,2247697343366791	Gold	random	none	0,3807925000000978	0	1	1	False	False
Laposka		37	female	20	noASRT	noPattern	1	1	3	41	59,96904397853061	16,67609831935554	0,2247697343366791	Gold	random	none	0,44491060000291327	0	1	1	False	False
Laposka		37	female	20	noASRT	noPattern	1	1	3	42	59,96904397853061	16,67609831935554	0,2247697343366791	Gold	random	none	0,38092650000180583	1	2	3	False	False
Laposka		37	female	20	noASRT	noPattern	1	1	3	43	59,96904397853061	16,67609831935554	0,2247697343366791	Gold	random	none	0,4847461999961524	0	3	3	False	False
Laposka		37	female	20	noASRT	noPattern	1	1	3	44	59,96904397853061	16,67609831935554	0,2247697343366791	Gold	random	none	0,49274570000125095	0	2	2	False	True
Laposka		37	female	20	noASRT	noPattern	1	1	3	45	59,96904397853061	16,67609831935554	0,2247697343366791	Gold	random	none	0,18070609999995213	1	4	3	False	False
Laposka		37	female	20	noASRT	noPattern	1	1	3	46	59,96904397853061	16,67609831935554	0,2247697343366791	Gold	random	none	0,4209116999991238	0	3	3	False	False
Laposka		37	female	20	noASRT	noPattern	1	1	3	47	59,96904397853061	16,67609831935554	0,2247697343366791	Gold	random	none	0,3008129999943776	0	3	3	False	False
Laposka		37	female	20	noASRT	noPattern	1	1	3	48	59,96904397853061	16,67609831935554	0,2247697343366791	Gold	random	none	0,5405726000026334	0	2	2	False	False
Laposka		37	female	20	noASRT	noPattern	1	1	3	49	59,96904397853061	16,67609831935554	0,2247697343366791	Gold	random	none	0,29282429999875603	0	2	2	False	False
Laposka		37	female	20	noASRT	noPattern	1	1	3	50	59,96904397853061	16,67609831935554	0,2247697343366791	Gold	random	none	0,43672359999618493	0	2	2	True	False
Laposka		37	female	20	noASRT	noPattern	1	1	3	51	59,96904397853061	16,67609831935554	0,2247697343366791	Gold	random	none	0,3888345000013942	0	4	4	False	False
Laposka		37	female	20	noASRT	noPattern	1	1	3	52	59,96904397853061	16,67609831935554	0,2247697343366791	Gold	random	none	0,5009380999981659	0	2	2	False	True
Laposka		37	female	20	noASRT	noPattern	1	1	3	53	59,96904397853061	16,67609831935554	0,2247697343366791	Gold	random	none	0,5807475999972667	0	2	2	False	False
Laposka		37	female	20	noASRT	noPattern	1	1	3	54	59,96904397853061	16,67609831935554	0,2247697343366791	Gold	random	none	0,3328107000052114	0	2	2	True	False
Laposka		37	female	20	noASRT	noPattern	1	1	3	55	59,96904397853061	16,67609831935554	0,2247697343366791	Gold	random	none	0,3888015999982599	0	1	1	False	False
Laposka		37	female	20	noASRT	noPattern	1	1	3	56	59,96904397853061	16,67609831935554	0,2247697343366791	Gold	random	none	0,4209270999999717	0	3	3	False	False
Laposka		37	female	20	noASRT	noPattern	1	1	3	57	59,96904397853061	16,67609831935554	0,2247697343366791	Gold	random	none	0,3808424000017112	0	4	4	False	False
Laposka		37	female	20	noASRT	noPattern	1	1	3	58	59,96904397853061	16,67609831935554	0,2247697343366791	Gold	random	none	0,33290049999777693	0	4	4	False	False
Laposka		37	female	20	noASRT	noPattern	1	1	3	59	59,96904397853061	16,67609831935554	0,2247697343366791	Gold	random	none	0,3407891000024392	0	2	2	False	False
Laposka		37	female	20	noASRT	noPattern	1	1	3	60	59,96904397853061	16,67609831935554	0,2247697343366791	Gold	random	none	0,3327671000006376	0	1	1	False	False
Laposka		37	female	20	noASRT	noPattern	1	1	3	61	59,96904397853061	16,67609831935554	0,2247697343366791	Gold	random	none	0,27688189999753376	0	1	1	False	False
Laposka		37	female	20	noASRT	noPattern	1	1	3	62	59,96904397853061	16,67609831935554	0,2247697343366791	Gold	random	none	0,35684000000037486	1	2	3	False	False
Laposka		37	female	20	noASRT	noPattern	1	1	3	63	59,96904397853061	16,67609831935554	0,2247697343366791	Gold	random	none	0,40495170000212966	0	2	2	False	False
Laposka		37	female	20	noASRT	noPattern	1	1	3	64	59,96904397853061	16,67609831935554	0,2247697343366791	Gold	random	none	0,3008704999956535	0	2	2	True	False
Laposka		37	female	20	noASRT	noPattern	1	1	3	65	59,96904397853061	16,67609831935554	0,2247697343366791	Gold	random	none	0,4449268999960623	0	3	3	False	False
Laposka		37	female	20	noASRT	noPattern	1	1	3	66	59,96904397853061	16,67609831935554	0,2247697343366791	Gold	random	none	0,23679379999521188	1	1	3	False	False
Laposka		37	female	20	noASRT	noPattern	1	1	3	67	59,96904397853061	16,67609831935554	0,2247697343366791	Gold	random	none	0,4207776000039303	0	4	4	False	False
Laposka		37	female	20	noASRT	noPattern	1	1	3	68	59,96904397853061	16,67609831935554	0,2247697343366791	Gold	random	none	0,37280050000117626	0	2	2	False	False
Laposka		37	female	20	noASRT	noPattern	1	1	3	69	59,96904397853061	16,67609831935554	0,2247697343366791	Gold	random	none	0,3408239999989746	0	3	3	False	False
Laposka		37	female	20	noASRT	noPattern	1	1	3	70	59,96904397853061	16,67609831935554	0,2247697343366791	Gold	random	none	0,33288339999853633	0	4	4	False	False
Laposka		37	female	20	noASRT	noPattern	1	1	3	71	59,96904397853061	16,67609831935554	0,2247697343366791	Gold	random	none	0,39684150000539375	0	3	3	False	True
Laposka		37	female	20	noASRT	noPattern	1	1	3	72	59,96904397853061	16,67609831935554	0,2247697343366791	Gold	random	none	0,29278360000171233	0	2	2	False	False
Laposka		37	female	20	noASRT	noPattern	1	1	3	73	59,96904397853061	16,67609831935554	0,2247697343366791	Gold	random	none	0,34880909999628784	0	4	4	False	False
Laposka		37	female	20	noASRT	noPattern	1	1	3	74	59,96904397853061	16,67609831935554	0,2247697343366791	Gold	random	none	0,30883609999727923	1	1	2	False	False
Laposka		37	female	20	noASRT	noPattern	1	1	3	75	59,96904397853061	16,67609831935554	0,2247697343366791	Gold	random	none	0,4049146999968798	0	2	2	False	False
Laposka		37	female	20	noASRT	noPattern	1	1	3	76	59,96904397853061	16,67609831935554	0,2247697343366791	Gold	random	none	0,3247701000000234	0	3	3	False	False
Laposka		37	female	20	noASRT	noPattern	1	1	3	77	59,96904397853061	16,67609831935554	0,2247697343366791	Gold	random	none	0,4528091000029235	0	1	1	False	False
Laposka		37	female	20	noASRT	noPattern	1	1	3	78	59,96904397853061	16,67609831935554	0,2247697343366791	Gold	random	none	0,5326394000003347	0	1	1	False	False
Laposka		37	female	20	noASRT	noPattern	1	1	3	79	59,96904397853061	16,67609831935554	0,2247697343366791	Gold	random	none	0,46875310000177706	0	2	2	False	False
Laposka		37	female	20	noASRT	noPattern	1	1	3	80	59,96904397853061	16,67609831935554	0,2247697343366791	Gold	random	none	0,4368231000044034	0	2	2	False	False
Laposka		37	female	20	noASRT	noPattern	1	1	3	81	59,96904397853061	16,67609831935554	0,2247697343366791	Gold	random	none	0,3728038000044762	0	2	2	True	False
Laposka		37	female	20	noASRT	noPattern	1	1	3	82	59,96904397853061	16,67609831935554	0,2247697343366791	Gold	random	none	0,34886480000568554	0	2	2	True	False
Laposka		37	female	20	noASRT	noPattern	1	1	3	83	59,96904397853061	16,67609831935554	0,2247697343366791	Gold	random	none	0,34892409999883967	0	1	1	False	False
Laposka		37	female	20	noASRT	noPattern	1	1	3	84	59,96904397853061	16,67609831935554	0,2247697343366791	Gold	random	none	0,3088236000039615	0	2	2	False	True
Laposka		37	female	20	noASRT	noPattern	1	1	3	85	59,96904397853061	16,67609831935554	0,2247697343366791	Gold	random	none	0,2768642000010004	1	1	2	False	True
Laposka		37	female	20	noASRT	noPattern	1	1	4	1	59,96904397853061	16,67609831935554	0,2247697343366791	Gold	random	none	0,5536423000012292	0	3	3	none	none
Laposka		37	female	20	noASRT	noPattern	1	1	4	2	59,96904397853061	16,67609831935554	0,2247697343366791	Gold	random	none	0,32482599999639206	0	2	2	none	none
Laposka		37	female	20	noASRT	noPattern	1	1	4	3	59,96904397853061	16,67609831935554	0,2247697343366791	Gold	random	none	0,32485319999977946	0	1	1	False	False
Laposka		37	female	20	noASRT	noPattern	1	1	4	4	59,96904397853061	16,67609831935554	0,2247697343366791	Gold	random	none	0,2608408999949461	0	1	1	False	False
Laposka		37	female	20	noASRT	noPattern	1	1	4	5	59,96904397853061	16,67609831935554	0,2247697343366791	Gold	random	none	0,2527697999976226	0	1	1	True	False
Laposka		37	female	20	noASRT	noPattern	1	1	4	6	59,96904397853061	16,67609831935554	0,2247697343366791	Gold	random	none	0,3966990999979316	0	4	4	False	False
Laposka		37	female	20	noASRT	noPattern	1	1	4	7	59,96904397853061	16,67609831935554	0,2247697343366791	Gold	random	none	0,3328758999996353	0	4	4	False	False
Laposka		37	female	20	noASRT	noPattern	1	1	4	8	59,96904397853061	16,67609831935554	0,2247697343366791	Gold	random	none	0,29276060000120196	0	4	4	True	False
Laposka		37	female	20	noASRT	noPattern	1	1	4	9	59,96904397853061	16,67609831935554	0,2247697343366791	Gold	random	none	0,3325929999991786	0	2	2	False	False
Laposka		37	female	20	noASRT	noPattern	1	1	4	10	59,96904397853061	16,67609831935554	0,2247697343366791	Gold	random	none	0,42085170000063954	0	1	1	False	False
Laposka		37	female	20	noASRT	noPattern	1	1	4	11	59,96904397853061	16,67609831935554	0,2247697343366791	Gold	random	none	0,4368828999940888	0	2	2	False	True
Laposka		37	female	20	noASRT	noPattern	1	1	4	12	59,96904397853061	16,67609831935554	0,2247697343366791	Gold	random	none	0,3408229000051506	0	1	1	False	True
Laposka		37	female	20	noASRT	noPattern	1	1	4	13	59,96904397853061	16,67609831935554	0,2247697343366791	Gold	random	none	0,34088700000575045	0	1	1	False	False
Laposka		37	female	20	noASRT	noPattern	1	1	4	14	59,96904397853061	16,67609831935554	0,2247697343366791	Gold	random	none	0,3408382999987225	0	1	1	True	False
Laposka		37	female	20	noASRT	noPattern	1	1	4	15	59,96904397853061	16,67609831935554	0,2247697343366791	Gold	random	none	0,3087678999945638	0	1	1	True	False
Laposka		37	female	20	noASRT	noPattern	1	1	4	16	59,96904397853061	16,67609831935554	0,2247697343366791	Gold	random	none	0,26876199999969685	0	1	1	True	False
Laposka		37	female	20	noASRT	noPattern	1	1	4	17	59,96904397853061	16,67609831935554	0,2247697343366791	Gold	random	none	0,36478969999734545	1	2	3	False	False
Laposka		37	female	20	noASRT	noPattern	1	1	4	18	59,96904397853061	16,67609831935554	0,2247697343366791	Gold	random	none	0,4206754000042565	0	1	1	False	True
Laposka		37	female	20	noASRT	noPattern	1	1	4	19	59,96904397853061	16,67609831935554	0,2247697343366791	Gold	random	none	0,3967802999977721	0	2	2	False	True
Laposka		37	female	20	noASRT	noPattern	1	1	4	20	59,96904397853061	16,67609831935554	0,2247697343366791	Gold	random	none	0,3728613000057521	0	3	3	False	False
Laposka		37	female	20	noASRT	noPattern	1	1	4	21	59,96904397853061	16,67609831935554	0,2247697343366791	Gold	random	none	0,2607413000005181	0	4	4	False	False
Laposka		37	female	20	noASRT	noPattern	1	1	4	22	59,96904397853061	16,67609831935554	0,2247697343366791	Gold	random	none	0,3248431000029086	0	2	2	False	False
Laposka		37	female	20	noASRT	noPattern	1	1	4	23	59,96904397853061	16,67609831935554	0,2247697343366791	Gold	random	none	0,3728874999942491	0	4	4	False	True
Laposka		37	female	20	noASRT	noPattern	1	1	4	24	59,96904397853061	16,67609831935554	0,2247697343366791	Gold	random	none	0,35679289999825414	0	2	2	False	True
Laposka		37	female	20	noASRT	noPattern	1	1	4	25	59,96904397853061	16,67609831935554	0,2247697343366791	Gold	random	none	0,4047699000002467	0	3	3	False	False
Laposka		37	female	20	noASRT	noPattern	1	1	4	26	59,96904397853061	16,67609831935554	0,2247697343366791	Gold	random	none	0,3009024999992107	0	2	2	False	True
Laposka		37	female	20	noASRT	noPattern	1	1	4	27	59,96904397853061	16,67609831935554	0,2247697343366791	Gold	random	none	0,22880850000365172	0	1	1	False	False
Laposka		37	female	20	noASRT	noPattern	1	1	4	28	59,96904397853061	16,67609831935554	0,2247697343366791	Gold	random	none	0,38885640000080457	0	3	3	False	False
Laposka		37	female	20	noASRT	noPattern	1	1	4	29	59,96904397853061	16,67609831935554	0,2247697343366791	Gold	random	none	0,3409040999977151	0	2	2	False	False
Laposka		37	female	20	noASRT	noPattern	1	1	4	30	59,96904397853061	16,67609831935554	0,2247697343366791	Gold	random	none	0,2287094999992405	0	1	1	False	False
Laposka		37	female	20	noASRT	noPattern	1	1	4	31	59,96904397853061	16,67609831935554	0,2247697343366791	Gold	random	none	0,3488283999977284	0	4	4	False	False
Laposka		37	female	20	noASRT	noPattern	1	1	4	32	59,96904397853061	16,67609831935554	0,2247697343366791	Gold	random	none	0,3408006000026944	0	3	3	False	False
Laposka		37	female	20	noASRT	noPattern	1	1	4	33	59,96904397853061	16,67609831935554	0,2247697343366791	Gold	random	none	0,26134080000338145	1	4	2	False	True
Laposka		37	female	20	noASRT	noPattern	1	1	4	34	59,96904397853061	16,67609831935554	0,2247697343366791	Gold	random	none	0,3568855000048643	0	2	2	False	False
Laposka		37	female	20	noASRT	noPattern	1	1	4	35	59,96904397853061	16,67609831935554	0,2247697343366791	Gold	random	none	0,54085589999886	0	3	3	False	False
Laposka		37	female	20	noASRT	noPattern	1	1	4	36	59,96904397853061	16,67609831935554	0,2247697343366791	Gold	random	none	0,26084329999866895	0	1	1	False	False
Laposka		37	female	20	noASRT	noPattern	1	1	4	37	59,96904397853061	16,67609831935554	0,2247697343366791	Gold	random	none	0,3483624000000418	0	3	3	False	True
Laposka		37	female	20	noASRT	noPattern	1	1	4	38	59,96904397853061	16,67609831935554	0,2247697343366791	Gold	random	none	0,28469939999922644	1	2	1	False	False
Laposka		37	female	20	noASRT	noPattern	1	1	4	39	59,96904397853061	16,67609831935554	0,2247697343366791	Gold	random	none	0,3249517000003834	0	4	4	False	False
Laposka		37	female	20	noASRT	noPattern	1	1	4	40	59,96904397853061	16,67609831935554	0,2247697343366791	Gold	random	none	0,4528160999980173	0	1	1	False	False
Laposka		37	female	20	noASRT	noPattern	1	1	4	41	59,96904397853061	16,67609831935554	0,2247697343366791	Gold	random	none	0,3087816999977804	0	2	2	False	False
Laposka		37	female	20	noASRT	noPattern	1	1	4	42	59,96904397853061	16,67609831935554	0,2247697343366791	Gold	random	none	0,3648509999984526	0	3	3	False	False
Laposka		37	female	20	noASRT	noPattern	1	1	4	43	59,96904397853061	16,67609831935554	0,2247697343366791	Gold	random	none	0,43690390000119805	0	2	2	False	True
Laposka		37	female	20	noASRT	noPattern	1	1	4	44	59,96904397853061	16,67609831935554	0,2247697343366791	Gold	random	none	0,3648112999944715	0	4	4	False	False
Laposka		37	female	20	noASRT	noPattern	1	1	4	45	59,96904397853061	16,67609831935554	0,2247697343366791	Gold	random	none	0,29276170000230195	1	2	1	False	True
Laposka		37	female	20	noASRT	noPattern	1	1	4	46	59,96904397853061	16,67609831935554	0,2247697343366791	Gold	random	none	0,5319409000003361	0	3	3	False	False
Laposka		37	female	20	noASRT	noPattern	1	1	4	47	59,96904397853061	16,67609831935554	0,2247697343366791	Gold	random	none	0,33286819999921136	1	1	2	False	False
Laposka		37	female	20	noASRT	noPattern	1	1	4	48	59,96904397853061	16,67609831935554	0,2247697343366791	Gold	random	none	0,436901899993245	0	4	4	False	False
Laposka		37	female	20	noASRT	noPattern	1	1	4	49	59,96904397853061	16,67609831935554	0,2247697343366791	Gold	random	none	0,39681890000065323	0	4	4	False	False
Laposka		37	female	20	noASRT	noPattern	1	1	4	50	59,96904397853061	16,67609831935554	0,2247697343366791	Gold	random	none	0,2688784999991185	1	3	4	False	False
Laposka		37	female	20	noASRT	noPattern	1	1	4	51	59,96904397853061	16,67609831935554	0,2247697343366791	Gold	random	none	0,5167452999958186	0	1	1	False	False
Laposka		37	female	20	noASRT	noPattern	1	1	4	52	59,96904397853061	16,67609831935554	0,2247697343366791	Gold	random	none	0,4849716000026092	0	1	1	False	False
Laposka		37	female	20	noASRT	noPattern	1	1	4	53	59,96904397853061	16,67609831935554	0,2247697343366791	Gold	random	none	0,4128854999944451	0	4	4	False	False
Laposka		37	female	20	noASRT	noPattern	1	1	4	54	59,96904397853061	16,67609831935554	0,2247697343366791	Gold	random	none	0,3248055999938515	0	2	2	False	False
Laposka		37	female	20	noASRT	noPattern	1	1	4	55	59,96904397853061	16,67609831935554	0,2247697343366791	Gold	random	none	0,46888770000077784	0	1	1	False	False
Laposka		37	female	20	noASRT	noPattern	1	1	4	56	59,96904397853061	16,67609831935554	0,2247697343366791	Gold	random	none	0,4928968999956851	0	3	3	False	False
Laposka		37	female	20	noASRT	noPattern	1	1	4	57	59,96904397853061	16,67609831935554	0,2247697343366791	Gold	random	none	0,46872390000498854	0	2	2	False	False
Laposka		37	female	20	noASRT	noPattern	1	1	4	58	59,96904397853061	16,67609831935554	0,2247697343366791	Gold	random	none	0,2368385000008857	0	1	1	False	False
Laposka		37	female	20	noASRT	noPattern	1	1	4	59	59,96904397853061	16,67609831935554	0,2247697343366791	Gold	random	none	0,4448345999990124	0	2	2	False	True
Laposka		37	female	20	noASRT	noPattern	1	1	4	60	59,96904397853061	16,67609831935554	0,2247697343366791	Gold	random	none	0,49287639999965904	0	2	2	False	False
Laposka		37	female	20	noASRT	noPattern	1	1	4	61	59,96904397853061	16,67609831935554	0,2247697343366791	Gold	random	none	0,34885899999790126	0	2	2	True	False
Laposka		37	female	20	noASRT	noPattern	1	1	4	62	59,96904397853061	16,67609831935554	0,2247697343366791	Gold	random	none	0,36479599999438506	0	4	4	False	False
Laposka		37	female	20	noASRT	noPattern	1	1	4	63	59,96904397853061	16,67609831935554	0,2247697343366791	Gold	random	none	0,3568862000029185	0	4	4	False	False
Laposka		37	female	20	noASRT	noPattern	1	1	4	64	59,96904397853061	16,67609831935554	0,2247697343366791	Gold	random	none	0,18891589999839198	0	4	4	True	False
Laposka		37	female	20	noASRT	noPattern	1	1	4	65	59,96904397853061	16,67609831935554	0,2247697343366791	Gold	random	none	0,492771500001254	0	3	3	False	False
Laposka		37	female	20	noASRT	noPattern	1	1	4	66	59,96904397853061	16,67609831935554	0,2247697343366791	Gold	random	none	0,32487419999961276	0	4	4	False	True
Laposka		37	female	20	noASRT	noPattern	1	1	4	67	59,96904397853061	16,67609831935554	0,2247697343366791	Gold	random	none	0,38090099999681115	0	4	4	False	False
Laposka		37	female	20	noASRT	noPattern	1	1	4	68	59,96904397853061	16,67609831935554	0,2247697343366791	Gold	random	none	0,5167053999975906	0	1	1	False	False
Laposka		37	female	20	noASRT	noPattern	1	1	4	69	59,96904397853061	16,67609831935554	0,2247697343366791	Gold	random	none	0,26079659999959404	1	2	1	False	False
Laposka		37	female	20	noASRT	noPattern	1	1	4	70	59,96904397853061	16,67609831935554	0,2247697343366791	Gold	random	none	0,42081640000105835	0	3	3	False	False
Laposka		37	female	20	noASRT	noPattern	1	1	4	71	59,96904397853061	16,67609831935554	0,2247697343366791	Gold	random	none	0,30887069999880623	0	4	4	False	False
Laposka		37	female	20	noASRT	noPattern	1	1	4	72	59,96904397853061	16,67609831935554	0,2247697343366791	Gold	random	none	0,35701569999946514	0	2	2	False	False
Laposka		37	female	20	noASRT	noPattern	1	1	4	73	59,96904397853061	16,67609831935554	0,2247697343366791	Gold	random	none	0,3647034000023268	0	2	2	False	False
Laposka		37	female	20	noASRT	noPattern	1	1	4	74	59,96904397853061	16,67609831935554	0,2247697343366791	Gold	random	none	0,3729105999955209	0	2	2	True	False
Laposka		37	female	20	noASRT	noPattern	1	1	4	75	59,96904397853061	16,67609831935554	0,2247697343366791	Gold	random	none	0,38884479999978794	0	1	1	False	False
Laposka		37	female	20	noASRT	noPattern	1	1	4	76	59,96904397853061	16,67609831935554	0,2247697343366791	Gold	random	none	0,3168073999986518	0	4	4	False	False
Laposka		37	female	20	noASRT	noPattern	1	1	4	77	59,96904397853061	16,67609831935554	0,2247697343366791	Gold	random	none	0,4928832000005059	0	1	1	False	True
Laposka		37	female	20	noASRT	noPattern	1	1	4	78	59,96904397853061	16,67609831935554	0,2247697343366791	Gold	random	none	0,4289280999946641	0	3	3	False	False
Laposka		37	female	20	noASRT	noPattern	1	1	4	79	59,96904397853061	16,67609831935554	0,2247697343366791	Gold	random	none	0,32480629999918165	0	4	4	False	False
Laposka		37	female	20	noASRT	noPattern	1	1	4	80	59,96904397853061	16,67609831935554	0,2247697343366791	Gold	random	none	0,28494879999925615	0	4	4	False	False
Laposka		37	female	20	noASRT	noPattern	1	1	4	81	59,96904397853061	16,67609831935554	0,2247697343366791	Gold	random	none	0,2926854000033927	0	4	4	True	False
Laposka		37	female	20	noASRT	noPattern	1	1	4	82	59,96904397853061	16,67609831935554	0,2247697343366791	Gold	random	none	0,22092699999484466	0	4	4	True	False
Laposka		37	female	20	noASRT	noPattern	1	1	4	83	59,96904397853061	16,67609831935554	0,2247697343366791	Gold	random	none	0,38883350000105565	0	1	1	False	False
Laposka		37	female	20	noASRT	noPattern	1	1	4	84	59,96904397853061	16,67609831935554	0,2247697343366791	Gold	random	none	0,3487659000020358	0	2	2	False	False
Laposka		37	female	20	noASRT	noPattern	1	1	4	85	59,96904397853061	16,67609831935554	0,2247697343366791	Gold	random	none	0,2928969999993569	0	1	1	False	True
